participant_id,prolific_pid,study_id,session_id,experiment_version,is_test,arm,timestamp_utc,elapsed_ms,response_time_ms,trial_index,context_index,trial_in_context,context_color,target_index,target_label,alternatives,target_position,chosen_position,chosen_index,chosen_label,correct,rewarded,points_total,error_disparity,match_shape,match_size,match_orientation,match_hue,navail_shape,navail_size,navail_orientation,navail_hue,advanced_after
69123b3d59a724db57ce3a37,69123b3d59a724db57ce3a37,6aa5e2a1421fd865aae66c6f,eigen-dynamics-1.0.0::69123b3d59a724db57ce3a37::probabilistic::cjit1ojy,eigen-dynamics-1.0.0,0,probabilistic,2026-09-12 23:46:42.734+00,0,36962,0,0,1,#1F3A5F,11,square|small|horizontal|orange,"{11,12,0,1}",0,2,0,circle|large|horizontal|blue,0,0,0,3,0,0,1,0,2,1,3,2,
69123b3d59a724db57ce3a37,69123b3d59a724db57ce3a37,6aa5e2a1421fd865aae66c6f,eigen-dynamics-1.0.0::69123b3d59a724db57ce3a37::probabilistic::cjit1ojy,eigen-dynamics-1.0.0,0,probabilistic,2026-09-12 23:46:44.053+00,1319,960,1,0,2,#1F3A5F,11,square|small|horizontal|orange,"{11,1,6,2}",0,1,1,square|large|horizontal|blue,0,0,0,2,1,0,1,0,2,3,3,1,
69123b3d59a724db57ce3a37,69123b3d59a724db57ce3a37,6aa5e2a1421fd865aae66c6f,eigen-dynamics-1.0.0::69123b3d59a724db57ce3a37::probabilistic::cjit1ojy,eigen-dynamics-1.0.0,0,probabilistic,2026-09-12 23:46:45.181+00,2447,772,2,0,3,#1F3A5F,11,square|small|horizontal|orange,"{2,4,7,11}",3,1,4,circle|large|vertical|blue,0,0,0,4,0,0,0,0,2,3,2,1,
69123b3d59a724db57ce3a37,69123b3d59a724db57ce3a37,6aa5e2a1421fd865aae66c6f,eigen-dynamics-1.0.0::69123b3d59a724db57ce3a37::probabilistic::cjit1ojy,eigen-dynamics-1.0.0,0,probabilistic,2026-09-12 23:46:46.465+00,3731,931,3,0,4,#1F3A5F,11,square|small|horizontal|orange,"{11,1,2,9}",0,3,9,square|large|horizontal|orange,0,0,0,1,1,0,1,1,3,2,4,2,
69123b3d59a724db57ce3a37,69123b3d59a724db57ce3a37,6aa5e2a1421fd865aae66c6f,eigen-dynamics-1.0.0::69123b3d59a724db57ce3a37::probabilistic::cjit1ojy,eigen-dynamics-1.0.0,0,probabilistic,2026-09-12 23:46:47.477+00,4743,653,4,0,5,#1F3A5F,11,square|small|horizontal|orange,"{13,11,12,10}",1,3,10,circle|small|horizontal|orange,0,0,0,1,0,1,1,1,2,2,2,4,
69123b3d59a724db57ce3a37,69123b3d59a724db57ce3a37,6aa5e2a1421fd865aae66c6f,eigen-dynamics-1.0.0::69123b3d59a724db57ce3a37::probabilistic::cjit1ojy,eigen-dynamics-1.0.0,0,probabilistic,2026-09-12 23:46:48.413+00,5680,584,5,0,6,#1F3A5F,11,square|small|horizontal|orange,"{11,1,3,8}",0,3,8,circle|large|horizontal|orange,0,0,0,2,0,0,1,1,3,2,4,2,
69123b3d59a724db57ce3a37,69123b3d59a724db57ce3a37,6aa5e2a1421fd865aae66c6f,eigen-dynamics-1.0.0::69123b3d59a724db57ce3a37::probabilistic::cjit1ojy,eigen-dynamics-1.0.0,0,probabilistic,2026-09-12 23:46:49.377+00,6643,600,6,0,7,#1F3A5F,11,square|small|horizontal|orange,"{3,14,11,9}",2,1,14,circle|small|vertical|orange,0,0,0,2,0,1,0,1,3,3,3,3,
69123b3d59a724db57ce3a37,69123b3d59a724db57ce3a37,6aa5e2a1421fd865aae66c6f,eigen-dynamics-1.0.0::69123b3d59a724db57ce3a37::probabilistic::cjit1ojy,eigen-dynamics-1.0.0,0,probabilistic,2026-09-12 23:46:50.497+00,7764,757,7,0,8,#1F3A5F,11,square|small|horizontal|orange,"{11,4,6,10}",0,1,4,circle|large|vertical|blue,0,0,0,4,0,0,0,0,1,3,2,2,
69123b3d59a724db57ce3a37,69123b3d59a724db57ce3a37,6aa5e2a1421fd865aae66c6f,eigen-dynamics-1.0.0::69123b3d59a724db57ce3a37::probabilistic::cjit1ojy,eigen-dynamics-1.0.0,0,probabilistic,2026-09-12 23:46:51.365+00,8632,506,8,0,9,#1F3A5F,11,square|small|horizontal|orange,"{10,11,6,3}",1,2,6,circle|small|vertical|blue,0,0,0,3,0,1,0,0,2,4,3,2,
69123b3d59a724db57ce3a37,69123b3d59a724db57ce3a37,6aa5e2a1421fd865aae66c6f,eigen-dynamics-1.0.0::69123b3d59a724db57ce3a37::probabilistic::cjit1ojy,eigen-dynamics-1.0.0,0,probabilistic,2026-09-12 23:46:52.313+00,9580,585,9,0,10,#1F3A5F,11,square|small|horizontal|orange,"{13,10,1,11}",3,2,1,square|large|horizontal|blue,0,0,0,2,1,0,1,0,3,2,3,3,
69123b3d59a724db57ce3a37,69123b3d59a724db57ce3a37,6aa5e2a1421fd865aae66c6f,eigen-dynamics-1.0.0::69123b3d59a724db57ce3a37::probabilistic::cjit1ojy,eigen-dynamics-1.0.0,0,probabilistic,2026-09-12 23:46:53.521+00,10787,845,10,0,11,#1F3A5F,11,square|small|horizontal|orange,"{11,10,5,13}",0,0,11,square|small|horizontal|orange,1,1,1,0,1,1,1,1,3,2,2,3,
69123b3d59a724db57ce3a37,69123b3d59a724db57ce3a37,6aa5e2a1421fd865aae66c6f,eigen-dynamics-1.0.0::69123b3d59a724db57ce3a37::probabilistic::cjit1ojy,eigen-dynamics-1.0.0,0,probabilistic,2026-09-12 23:46:54.853+00,12119,977,11,0,12,#1F3A5F,11,square|small|horizontal|orange,"{10,3,11,12}",2,2,11,square|small|horizontal|orange,1,1,2,0,1,1,1,1,2,3,3,3,
69123b3d59a724db57ce3a37,69123b3d59a724db57ce3a37,6aa5e2a1421fd865aae66c6f,eigen-dynamics-1.0.0::69123b3d59a724db57ce3a37::probabilistic::cjit1ojy,eigen-dynamics-1.0.0,0,probabilistic,2026-09-12 23:46:55.813+00,13080,596,12,0,13,#1F3A5F,11,square|small|horizontal|orange,"{4,8,15,11}",3,3,11,square|small|horizontal|orange,1,0,2,0,1,1,1,1,2,2,2,3,
69123b3d59a724db57ce3a37,69123b3d59a724db57ce3a37,6aa5e2a1421fd865aae66c6f,eigen-dynamics-1.0.0::69123b3d59a724db57ce3a37::probabilistic::cjit1ojy,eigen-dynamics-1.0.0,0,probabilistic,2026-09-12 23:46:57.385+00,14652,1209,13,0,14,#1F3A5F,11,square|small|horizontal|orange,"{13,8,11,1}",2,2,11,square|small|horizontal|orange,1,1,3,0,1,1,1,1,3,1,3,3,criterion
69123b3d59a724db57ce3a37,69123b3d59a724db57ce3a37,6aa5e2a1421fd865aae66c6f,eigen-dynamics-1.0.0::69123b3d59a724db57ce3a37::probabilistic::cjit1ojy,eigen-dynamics-1.0.0,0,probabilistic,2026-09-12 23:46:59.952+00,17219,2209,14,1,1,#4A2C4D,1,square|large|horizontal|blue,"{0,1,4,2}",1,2,4,circle|large|vertical|blue,0,0,3,2,0,1,0,1,1,3,3,4,
69123b3d59a724db57ce3a37,69123b3d59a724db57ce3a37,6aa5e2a1421fd865aae66c6f,eigen-dynamics-1.0.0::69123b3d59a724db57ce3a37::probabilistic::cjit1ojy,eigen-dynamics-1.0.0,0,probabilistic,2026-09-12 23:47:01.505+00,18772,1192,15,1,2,#4A2C4D,1,square|large|horizontal|blue,"{15,8,1,13}",2,0,15,square|small|vertical|orange,0,0,3,3,1,0,0,0,3,3,2,1,
69123b3d59a724db57ce3a37,69123b3d59a724db57ce3a37,6aa5e2a1421fd865aae66c6f,eigen-dynamics-1.0.0::69123b3d59a724db57ce3a37::probabilistic::cjit1ojy,eigen-dynamics-1.0.0,0,probabilistic,2026-09-12 23:47:02.485+00,19751,626,16,1,3,#4A2C4D,1,square|large|horizontal|blue,"{1,14,3,11}",0,1,14,circle|small|vertical|orange,0,0,3,4,0,0,0,0,3,1,3,2,
69123b3d59a724db57ce3a37,69123b3d59a724db57ce3a37,6aa5e2a1421fd865aae66c6f,eigen-dynamics-1.0.0::69123b3d59a724db57ce3a37::probabilistic::cjit1ojy,eigen-dynamics-1.0.0,0,probabilistic,2026-09-12 23:47:03.573+00,20840,732,17,1,4,#4A2C4D,1,square|large|horizontal|blue,"{5,7,10,1}",3,1,7,square|small|vertical|blue,0,0,3,2,1,0,0,1,3,2,2,3,
69123b3d59a724db57ce3a37,69123b3d59a724db57ce3a37,6aa5e2a1421fd865aae66c6f,eigen-dynamics-1.0.0::69123b3d59a724db57ce3a37::probabilistic::cjit1ojy,eigen-dynamics-1.0.0,0,probabilistic,2026-09-12 23:47:04.417+00,21684,491,18,1,5,#4A2C4D,1,square|large|horizontal|blue,"{9,2,1,5}",2,3,5,square|large|vertical|blue,0,0,3,1,1,1,0,1,3,3,3,3,
69123b3d59a724db57ce3a37,69123b3d59a724db57ce3a37,6aa5e2a1421fd865aae66c6f,eigen-dynamics-1.0.0::69123b3d59a724db57ce3a37::probabilistic::cjit1ojy,eigen-dynamics-1.0.0,0,probabilistic,2026-09-12 23:47:06.197+00,23463,1420,19,1,6,#4A2C4D,1,square|large|horizontal|blue,"{0,3,1,6}",2,0,0,circle|large|horizontal|blue,0,0,3,1,0,1,1,1,2,2,3,4,
69123b3d59a724db57ce3a37,69123b3d59a724db57ce3a37,6aa5e2a1421fd865aae66c6f,eigen-dynamics-1.0.0::69123b3d59a724db57ce3a37::probabilistic::cjit1ojy,eigen-dynamics-1.0.0,0,probabilistic,2026-09-12 23:47:07.277+00,24543,716,20,1,7,#4A2C4D,1,square|large|horizontal|blue,"{2,1,4,10}",1,1,1,square|large|horizontal|blue,1,1,4,0,1,1,1,1,1,2,3,3,
69123b3d59a724db57ce3a37,69123b3d59a724db57ce3a37,6aa5e2a1421fd865aae66c6f,eigen-dynamics-1.0.0::69123b3d59a724db57ce3a37::probabilistic::cjit1ojy,eigen-dynamics-1.0.0,0,probabilistic,2026-09-12 23:47:08.249+00,25516,621,21,1,8,#4A2C4D,1,square|large|horizontal|blue,"{12,4,9,1}",3,3,1,square|large|horizontal|blue,1,1,5,0,1,1,1,1,2,4,2,2,
69123b3d59a724db57ce3a37,69123b3d59a724db57ce3a37,6aa5e2a1421fd865aae66c6f,eigen-dynamics-1.0.0::69123b3d59a724db57ce3a37::probabilistic::cjit1ojy,eigen-dynamics-1.0.0,0,probabilistic,2026-09-12 23:47:09.633+00,26900,1024,22,1,9,#4A2C4D,1,square|large|horizontal|blue,"{0,11,2,1}",3,3,1,square|large|horizontal|blue,1,0,5,0,1,1,1,1,2,2,4,3,
69123b3d59a724db57ce3a37,69123b3d59a724db57ce3a37,6aa5e2a1421fd865aae66c6f,eigen-dynamics-1.0.0::69123b3d59a724db57ce3a37::probabilistic::cjit1ojy,eigen-dynamics-1.0.0,0,probabilistic,2026-09-12 23:47:11.049+00,28316,1054,23,1,10,#4A2C4D,1,square|large|horizontal|blue,"{3,2,1,6}",2,1,2,circle|small|horizontal|blue,0,0,5,2,0,0,1,1,2,1,3,4,
69123b3d59a724db57ce3a37,69123b3d59a724db57ce3a37,6aa5e2a1421fd865aae66c6f,eigen-dynamics-1.0.0::69123b3d59a724db57ce3a37::probabilistic::cjit1ojy,eigen-dynamics-1.0.0,0,probabilistic,2026-09-12 23:47:12.253+00,29520,843,24,1,11,#4A2C4D,1,square|large|horizontal|blue,"{1,15,3,13}",0,0,1,square|large|horizontal|blue,1,1,6,0,1,1,1,1,4,2,2,2,criterion
69123b3d59a724db57ce3a37,69123b3d59a724db57ce3a37,6aa5e2a1421fd865aae66c6f,eigen-dynamics-1.0.0::69123b3d59a724db57ce3a37::probabilistic::cjit1ojy,eigen-dynamics-1.0.0,0,probabilistic,2026-09-12 23:47:13.965+00,31231,1355,25,2,1,#1E4438,15,square|small|vertical|orange,"{15,9,4,14}",0,3,14,circle|small|vertical|orange,0,0,6,1,0,1,1,1,2,2,3,3,
69123b3d59a724db57ce3a37,69123b3d59a724db57ce3a37,6aa5e2a1421fd865aae66c6f,eigen-dynamics-1.0.0::69123b3d59a724db57ce3a37::probabilistic::cjit1ojy,eigen-dynamics-1.0.0,0,probabilistic,2026-09-12 23:47:15.005+00,32272,676,26,2,2,#1E4438,15,square|small|vertical|orange,"{15,4,1,13}",0,1,4,circle|large|vertical|blue,0,1,7,3,0,0,1,0,3,1,3,2,
69123b3d59a724db57ce3a37,69123b3d59a724db57ce3a37,6aa5e2a1421fd865aae66c6f,eigen-dynamics-1.0.0::69123b3d59a724db57ce3a37::probabilistic::cjit1ojy,eigen-dynamics-1.0.0,0,probabilistic,2026-09-12 23:47:17.893+00,35160,2531,27,2,3,#1E4438,15,square|small|vertical|orange,"{9,15,0,11}",1,2,0,circle|large|horizontal|blue,0,0,7,4,0,0,0,0,3,2,1,3,
69123b3d59a724db57ce3a37,69123b3d59a724db57ce3a37,6aa5e2a1421fd865aae66c6f,eigen-dynamics-1.0.0::69123b3d59a724db57ce3a37::probabilistic::cjit1ojy,eigen-dynamics-1.0.0,0,probabilistic,2026-09-12 23:47:18.937+00,36204,693,28,2,4,#1E4438,15,square|small|vertical|orange,"{11,1,15,6}",2,3,6,circle|small|vertical|blue,0,1,8,2,0,1,1,0,3,3,2,2,
69123b3d59a724db57ce3a37,69123b3d59a724db57ce3a37,6aa5e2a1421fd865aae66c6f,eigen-dynamics-1.0.0::69123b3d59a724db57ce3a37::probabilistic::cjit1ojy,eigen-dynamics-1.0.0,0,probabilistic,2026-09-12 23:47:20.033+00,37300,739,29,2,5,#1E4438,15,square|small|vertical|orange,"{10,15,4,0}",1,2,4,circle|large|vertical|blue,0,0,8,3,0,0,1,0,1,2,2,2,
69123b3d59a724db57ce3a37,69123b3d59a724db57ce3a37,6aa5e2a1421fd865aae66c6f,eigen-dynamics-1.0.0::69123b3d59a724db57ce3a37::probabilistic::cjit1ojy,eigen-dynamics-1.0.0,0,probabilistic,2026-09-12 23:47:21.089+00,38356,694,30,2,6,#1E4438,15,square|small|vertical|orange,"{15,0,14,1}",0,0,15,square|small|vertical|orange,1,1,9,0,1,1,1,1,2,2,2,2,
69123b3d59a724db57ce3a37,69123b3d59a724db57ce3a37,6aa5e2a1421fd865aae66c6f,eigen-dynamics-1.0.0::69123b3d59a724db57ce3a37::probabilistic::cjit1ojy,eigen-dynamics-1.0.0,0,probabilistic,2026-09-12 23:47:22.769+00,40036,1326,31,2,7,#1E4438,15,square|small|vertical|orange,"{0,13,15,7}",2,0,0,circle|large|horizontal|blue,0,0,9,4,0,0,0,0,3,2,3,2,
69123b3d59a724db57ce3a37,69123b3d59a724db57ce3a37,6aa5e2a1421fd865aae66c6f,eigen-dynamics-1.0.0::69123b3d59a724db57ce3a37::probabilistic::cjit1ojy,eigen-dynamics-1.0.0,0,probabilistic,2026-09-12 23:47:23.561+00,40828,434,32,2,8,#1E4438,15,square|small|vertical|orange,"{1,0,7,15}",3,1,0,circle|large|horizontal|blue,0,0,9,4,0,0,0,0,3,2,2,1,
69123b3d59a724db57ce3a37,69123b3d59a724db57ce3a37,6aa5e2a1421fd865aae66c6f,eigen-dynamics-1.0.0::69123b3d59a724db57ce3a37::probabilistic::cjit1ojy,eigen-dynamics-1.0.0,0,probabilistic,2026-09-12 23:47:24.901+00,42168,986,33,2,9,#1E4438,15,square|small|vertical|orange,"{3,15,12,2}",1,2,12,circle|large|vertical|orange,0,0,9,2,0,0,1,1,2,3,2,2,
69123b3d59a724db57ce3a37,69123b3d59a724db57ce3a37,6aa5e2a1421fd865aae66c6f,eigen-dynamics-1.0.0::69123b3d59a724db57ce3a37::probabilistic::cjit1ojy,eigen-dynamics-1.0.0,0,probabilistic,2026-09-12 23:47:26.121+00,43388,861,34,2,10,#1E4438,15,square|small|vertical|orange,"{15,8,11,3}",0,3,3,square|small|horizontal|blue,0,0,9,2,1,1,0,0,3,3,1,3,
69123b3d59a724db57ce3a37,69123b3d59a724db57ce3a37,6aa5e2a1421fd865aae66c6f,eigen-dynamics-1.0.0::69123b3d59a724db57ce3a37::probabilistic::cjit1ojy,eigen-dynamics-1.0.0,0,probabilistic,2026-09-12 23:47:26.997+00,44264,514,35,2,11,#1E4438,15,square|small|vertical|orange,"{3,4,15,14}",2,1,4,circle|large|vertical|blue,0,1,10,3,0,0,1,0,2,3,3,2,
69123b3d59a724db57ce3a37,69123b3d59a724db57ce3a37,6aa5e2a1421fd865aae66c6f,eigen-dynamics-1.0.0::69123b3d59a724db57ce3a37::probabilistic::cjit1ojy,eigen-dynamics-1.0.0,0,probabilistic,2026-09-12 23:47:28.273+00,45540,925,36,2,12,#1E4438,15,square|small|vertical|orange,"{11,15,8,12}",1,0,11,square|small|horizontal|orange,0,0,10,1,1,1,0,1,2,2,2,4,
69123b3d59a724db57ce3a37,69123b3d59a724db57ce3a37,6aa5e2a1421fd865aae66c6f,eigen-dynamics-1.0.0::69123b3d59a724db57ce3a37::probabilistic::cjit1ojy,eigen-dynamics-1.0.0,0,probabilistic,2026-09-12 23:47:29.269+00,46535,641,37,2,13,#1E4438,15,square|small|vertical|orange,"{12,10,1,15}",3,0,12,circle|large|vertical|orange,0,0,10,2,0,0,1,1,2,2,2,3,
69123b3d59a724db57ce3a37,69123b3d59a724db57ce3a37,6aa5e2a1421fd865aae66c6f,eigen-dynamics-1.0.0::69123b3d59a724db57ce3a37::probabilistic::cjit1ojy,eigen-dynamics-1.0.0,0,probabilistic,2026-09-12 23:47:30.325+00,47592,698,38,2,14,#1E4438,15,square|small|vertical|orange,"{0,5,10,15}",3,1,5,square|large|vertical|blue,0,0,10,2,1,0,1,0,2,2,2,2,
69123b3d59a724db57ce3a37,69123b3d59a724db57ce3a37,6aa5e2a1421fd865aae66c6f,eigen-dynamics-1.0.0::69123b3d59a724db57ce3a37::probabilistic::cjit1ojy,eigen-dynamics-1.0.0,0,probabilistic,2026-09-12 23:47:31.269+00,48536,591,39,2,15,#1E4438,15,square|small|vertical|orange,"{6,10,3,15}",3,3,15,square|small|vertical|orange,1,1,11,0,1,1,1,1,2,4,2,2,
69123b3d59a724db57ce3a37,69123b3d59a724db57ce3a37,6aa5e2a1421fd865aae66c6f,eigen-dynamics-1.0.0::69123b3d59a724db57ce3a37::probabilistic::cjit1ojy,eigen-dynamics-1.0.0,0,probabilistic,2026-09-12 23:47:32.669+00,49935,1039,40,2,16,#1E4438,15,square|small|vertical|orange,"{13,15,2,12}",1,1,15,square|small|vertical|orange,1,1,12,0,1,1,1,1,2,2,3,3,
69123b3d59a724db57ce3a37,69123b3d59a724db57ce3a37,6aa5e2a1421fd865aae66c6f,eigen-dynamics-1.0.0::69123b3d59a724db57ce3a37::probabilistic::cjit1ojy,eigen-dynamics-1.0.0,0,probabilistic,2026-09-12 23:47:34.109+00,51376,1079,41,2,17,#1E4438,15,square|small|vertical|orange,"{12,15,1,5}",1,0,12,circle|large|vertical|orange,0,1,13,2,0,0,1,1,3,1,3,2,
69123b3d59a724db57ce3a37,69123b3d59a724db57ce3a37,6aa5e2a1421fd865aae66c6f,eigen-dynamics-1.0.0::69123b3d59a724db57ce3a37::probabilistic::cjit1ojy,eigen-dynamics-1.0.0,0,probabilistic,2026-09-12 23:47:35.501+00,52768,1030,42,2,18,#1E4438,15,square|small|vertical|orange,"{15,0,5,8}",0,1,0,circle|large|horizontal|blue,0,0,13,4,0,0,0,0,2,1,2,2,
69123b3d59a724db57ce3a37,69123b3d59a724db57ce3a37,6aa5e2a1421fd865aae66c6f,eigen-dynamics-1.0.0::69123b3d59a724db57ce3a37::probabilistic::cjit1ojy,eigen-dynamics-1.0.0,0,probabilistic,2026-09-12 23:47:36.568+00,53835,709,43,2,19,#1E4438,15,square|small|vertical|orange,"{6,15,14,7}",1,0,6,circle|small|vertical|blue,0,0,13,2,0,1,1,0,2,4,4,2,
69123b3d59a724db57ce3a37,69123b3d59a724db57ce3a37,6aa5e2a1421fd865aae66c6f,eigen-dynamics-1.0.0::69123b3d59a724db57ce3a37::probabilistic::cjit1ojy,eigen-dynamics-1.0.0,0,probabilistic,2026-09-12 23:47:37.461+00,54728,533,44,2,20,#1E4438,15,square|small|vertical|orange,"{4,15,7,11}",1,0,4,circle|large|vertical|blue,0,0,13,3,0,0,1,0,3,3,3,2,
69123b3d59a724db57ce3a37,69123b3d59a724db57ce3a37,6aa5e2a1421fd865aae66c6f,eigen-dynamics-1.0.0::69123b3d59a724db57ce3a37::probabilistic::cjit1ojy,eigen-dynamics-1.0.0,0,probabilistic,2026-09-12 23:47:38.58+00,55847,767,45,2,21,#1E4438,15,square|small|vertical|orange,"{13,8,14,15}",3,2,14,circle|small|vertical|orange,0,0,13,1,0,1,1,1,2,2,3,4,
69123b3d59a724db57ce3a37,69123b3d59a724db57ce3a37,6aa5e2a1421fd865aae66c6f,eigen-dynamics-1.0.0::69123b3d59a724db57ce3a37::probabilistic::cjit1ojy,eigen-dynamics-1.0.0,0,probabilistic,2026-09-12 23:47:39.765+00,57032,832,46,2,22,#1E4438,15,square|small|vertical|orange,"{0,15,13,5}",1,1,15,square|small|vertical|orange,1,1,14,0,1,1,1,1,3,1,3,2,
69123b3d59a724db57ce3a37,69123b3d59a724db57ce3a37,6aa5e2a1421fd865aae66c6f,eigen-dynamics-1.0.0::69123b3d59a724db57ce3a37::probabilistic::cjit1ojy,eigen-dynamics-1.0.0,0,probabilistic,2026-09-12 23:47:42.137+00,59403,2019,47,2,23,#1E4438,15,square|small|vertical|orange,"{15,8,6,3}",0,0,15,square|small|vertical|orange,1,1,15,0,1,1,1,1,2,3,2,2,
69123b3d59a724db57ce3a37,69123b3d59a724db57ce3a37,6aa5e2a1421fd865aae66c6f,eigen-dynamics-1.0.0::69123b3d59a724db57ce3a37::probabilistic::cjit1ojy,eigen-dynamics-1.0.0,0,probabilistic,2026-09-12 23:47:43.541+00,60808,1039,48,2,24,#1E4438,15,square|small|vertical|orange,"{7,15,5,0}",1,1,15,square|small|vertical|orange,1,1,16,0,1,1,1,1,3,2,3,1,
69123b3d59a724db57ce3a37,69123b3d59a724db57ce3a37,6aa5e2a1421fd865aae66c6f,eigen-dynamics-1.0.0::69123b3d59a724db57ce3a37::probabilistic::cjit1ojy,eigen-dynamics-1.0.0,0,probabilistic,2026-09-12 23:47:44.649+00,61916,753,49,2,25,#1E4438,15,square|small|vertical|orange,"{15,8,9,12}",0,0,15,square|small|vertical|orange,1,0,16,0,1,1,1,1,2,1,2,4,criterion
69123b3d59a724db57ce3a37,69123b3d59a724db57ce3a37,6aa5e2a1421fd865aae66c6f,eigen-dynamics-1.0.0::69123b3d59a724db57ce3a37::probabilistic::cjit1ojy,eigen-dynamics-1.0.0,0,probabilistic,2026-09-12 23:47:46.861+00,64128,1846,50,3,1,#5A3A1E,10,circle|small|horizontal|orange,"{4,10,7,11}",1,0,4,circle|large|vertical|blue,0,0,16,3,1,0,0,0,2,3,2,2,
69123b3d59a724db57ce3a37,69123b3d59a724db57ce3a37,6aa5e2a1421fd865aae66c6f,eigen-dynamics-1.0.0::69123b3d59a724db57ce3a37::probabilistic::cjit1ojy,eigen-dynamics-1.0.0,0,probabilistic,2026-09-12 23:47:48.325+00,65592,1108,51,3,2,#5A3A1E,10,circle|small|horizontal|orange,"{5,1,10,14}",2,1,1,square|large|horizontal|blue,0,0,16,3,0,0,1,0,2,2,2,2,
69123b3d59a724db57ce3a37,69123b3d59a724db57ce3a37,6aa5e2a1421fd865aae66c6f,eigen-dynamics-1.0.0::69123b3d59a724db57ce3a37::probabilistic::cjit1ojy,eigen-dynamics-1.0.0,0,probabilistic,2026-09-12 23:47:49.733+00,67000,1055,52,3,3,#5A3A1E,10,circle|small|horizontal|orange,"{10,3,11,13}",0,0,10,circle|small|horizontal|orange,1,1,17,0,1,1,1,1,1,3,3,3,
69123b3d59a724db57ce3a37,69123b3d59a724db57ce3a37,6aa5e2a1421fd865aae66c6f,eigen-dynamics-1.0.0::69123b3d59a724db57ce3a37::probabilistic::cjit1ojy,eigen-dynamics-1.0.0,0,probabilistic,2026-09-12 23:47:50.86+00,68127,776,53,3,4,#5A3A1E,10,circle|small|horizontal|orange,"{1,0,10,13}",2,2,10,circle|small|horizontal|orange,1,1,18,0,1,1,1,1,2,1,3,2,
69123b3d59a724db57ce3a37,69123b3d59a724db57ce3a37,6aa5e2a1421fd865aae66c6f,eigen-dynamics-1.0.0::69123b3d59a724db57ce3a37::probabilistic::cjit1ojy,eigen-dynamics-1.0.0,0,probabilistic,2026-09-12 23:47:52.348+00,69615,1129,54,3,5,#5A3A1E,10,circle|small|horizontal|orange,"{9,7,13,10}",3,0,9,square|large|horizontal|orange,0,0,18,2,0,0,1,1,1,2,2,3,
69123b3d59a724db57ce3a37,69123b3d59a724db57ce3a37,6aa5e2a1421fd865aae66c6f,eigen-dynamics-1.0.0::69123b3d59a724db57ce3a37::probabilistic::cjit1ojy,eigen-dynamics-1.0.0,0,probabilistic,2026-09-12 23:47:53.333+00,70600,631,55,3,6,#5A3A1E,10,circle|small|horizontal|orange,"{10,8,15,4}",0,0,10,circle|small|horizontal|orange,1,1,19,0,1,1,1,1,3,2,2,3,
69123b3d59a724db57ce3a37,69123b3d59a724db57ce3a37,6aa5e2a1421fd865aae66c6f,eigen-dynamics-1.0.0::69123b3d59a724db57ce3a37::probabilistic::cjit1ojy,eigen-dynamics-1.0.0,0,probabilistic,2026-09-12 23:47:54.745+00,72011,1059,56,3,7,#5A3A1E,10,circle|small|horizontal|orange,"{2,10,13,11}",1,0,2,circle|small|horizontal|blue,0,0,19,1,1,1,1,0,2,3,3,3,
69123b3d59a724db57ce3a37,69123b3d59a724db57ce3a37,6aa5e2a1421fd865aae66c6f,eigen-dynamics-1.0.0::69123b3d59a724db57ce3a37::probabilistic::cjit1ojy,eigen-dynamics-1.0.0,0,probabilistic,2026-09-12 23:47:55.701+00,72968,595,57,3,8,#5A3A1E,10,circle|small|horizontal|orange,"{3,7,10,11}",2,2,10,circle|small|horizontal|orange,1,1,20,0,1,1,1,1,1,4,3,2,
69123b3d59a724db57ce3a37,69123b3d59a724db57ce3a37,6aa5e2a1421fd865aae66c6f,eigen-dynamics-1.0.0::69123b3d59a724db57ce3a37::probabilistic::cjit1ojy,eigen-dynamics-1.0.0,0,probabilistic,2026-09-12 23:47:56.645+00,73912,592,58,3,9,#5A3A1E,10,circle|small|horizontal|orange,"{6,2,10,15}",2,2,10,circle|small|horizontal|orange,1,1,21,0,1,1,1,1,3,4,2,2,
69123b3d59a724db57ce3a37,69123b3d59a724db57ce3a37,6aa5e2a1421fd865aae66c6f,eigen-dynamics-1.0.0::69123b3d59a724db57ce3a37::probabilistic::cjit1ojy,eigen-dynamics-1.0.0,0,probabilistic,2026-09-12 23:47:57.748+00,75015,751,59,3,10,#5A3A1E,10,circle|small|horizontal|orange,"{14,10,9,5}",1,1,10,circle|small|horizontal|orange,1,1,22,0,1,1,1,1,2,2,2,3,criterion
69123b3d59a724db57ce3a37,69123b3d59a724db57ce3a37,6aa5e2a1421fd865aae66c6f,eigen-dynamics-1.0.0::69123b3d59a724db57ce3a37::probabilistic::cjit1ojy,eigen-dynamics-1.0.0,0,probabilistic,2026-09-12 23:47:59.505+00,76771,1392,60,4,1,#3B2E5A,9,square|large|horizontal|orange,"{15,1,10,9}",3,0,15,square|small|vertical|orange,0,0,22,2,1,0,0,1,3,2,3,3,
69123b3d59a724db57ce3a37,69123b3d59a724db57ce3a37,6aa5e2a1421fd865aae66c6f,eigen-dynamics-1.0.0::69123b3d59a724db57ce3a37::probabilistic::cjit1ojy,eigen-dynamics-1.0.0,0,probabilistic,2026-09-12 23:48:00.489+00,77755,619,61,4,2,#3B2E5A,9,square|large|horizontal|orange,"{12,2,3,9}",3,3,9,square|large|horizontal|orange,1,1,23,0,1,1,1,1,2,2,3,2,
69123b3d59a724db57ce3a37,69123b3d59a724db57ce3a37,6aa5e2a1421fd865aae66c6f,eigen-dynamics-1.0.0::69123b3d59a724db57ce3a37::probabilistic::cjit1ojy,eigen-dynamics-1.0.0,0,probabilistic,2026-09-12 23:48:01.449+00,78716,603,62,4,3,#3B2E5A,9,square|large|horizontal|orange,"{9,8,15,7}",0,0,9,square|large|horizontal|orange,1,1,24,0,1,1,1,1,3,2,2,3,
69123b3d59a724db57ce3a37,69123b3d59a724db57ce3a37,6aa5e2a1421fd865aae66c6f,eigen-dynamics-1.0.0::69123b3d59a724db57ce3a37::probabilistic::cjit1ojy,eigen-dynamics-1.0.0,0,probabilistic,2026-09-12 23:48:02.484+00,79751,680,63,4,4,#3B2E5A,9,square|large|horizontal|orange,"{10,12,5,9}",3,3,9,square|large|horizontal|orange,1,1,25,0,1,1,1,1,2,3,2,3,
69123b3d59a724db57ce3a37,69123b3d59a724db57ce3a37,6aa5e2a1421fd865aae66c6f,eigen-dynamics-1.0.0::69123b3d59a724db57ce3a37::probabilistic::cjit1ojy,eigen-dynamics-1.0.0,0,probabilistic,2026-09-12 23:48:03.437+00,80704,587,64,4,5,#3B2E5A,9,square|large|horizontal|orange,"{0,9,8,6}",1,1,9,square|large|horizontal|orange,1,1,26,0,1,1,1,1,1,3,3,2,
69123b3d59a724db57ce3a37,69123b3d59a724db57ce3a37,6aa5e2a1421fd865aae66c6f,eigen-dynamics-1.0.0::69123b3d59a724db57ce3a37::probabilistic::cjit1ojy,eigen-dynamics-1.0.0,0,probabilistic,2026-09-12 23:48:04.533+00,81800,735,65,4,6,#3B2E5A,9,square|large|horizontal|orange,"{13,14,5,9}",3,3,9,square|large|horizontal|orange,1,1,27,0,1,1,1,1,3,3,1,3,criterion
69123b3d59a724db57ce3a37,69123b3d59a724db57ce3a37,6aa5e2a1421fd865aae66c6f,eigen-dynamics-1.0.0::69123b3d59a724db57ce3a37::probabilistic::cjit1ojy,eigen-dynamics-1.0.0,0,probabilistic,2026-09-12 23:48:06.229+00,83495,1332,66,5,1,#14434A,10,circle|small|horizontal|orange,"{15,12,14,10}",3,1,12,circle|large|vertical|orange,0,0,27,2,1,0,0,1,3,3,1,4,
69123b3d59a724db57ce3a37,69123b3d59a724db57ce3a37,6aa5e2a1421fd865aae66c6f,eigen-dynamics-1.0.0::69123b3d59a724db57ce3a37::probabilistic::cjit1ojy,eigen-dynamics-1.0.0,0,probabilistic,2026-09-12 23:48:07.605+00,84871,1011,67,5,2,#14434A,10,circle|small|horizontal|orange,"{12,9,4,10}",3,1,9,square|large|horizontal|orange,0,1,28,2,0,0,1,1,3,1,2,3,
69123b3d59a724db57ce3a37,69123b3d59a724db57ce3a37,6aa5e2a1421fd865aae66c6f,eigen-dynamics-1.0.0::69123b3d59a724db57ce3a37::probabilistic::cjit1ojy,eigen-dynamics-1.0.0,0,probabilistic,2026-09-12 23:48:09.533+00,86799,1571,68,5,3,#14434A,10,circle|small|horizontal|orange,"{15,14,10,5}",2,2,10,circle|small|horizontal|orange,1,1,29,0,1,1,1,1,2,3,1,3,
69123b3d59a724db57ce3a37,69123b3d59a724db57ce3a37,6aa5e2a1421fd865aae66c6f,eigen-dynamics-1.0.0::69123b3d59a724db57ce3a37::probabilistic::cjit1ojy,eigen-dynamics-1.0.0,0,probabilistic,2026-09-12 23:48:10.589+00,87856,702,69,5,4,#14434A,10,circle|small|horizontal|orange,"{10,11,3,7}",0,0,10,circle|small|horizontal|orange,1,0,29,0,1,1,1,1,1,4,3,2,
69123b3d59a724db57ce3a37,69123b3d59a724db57ce3a37,6aa5e2a1421fd865aae66c6f,eigen-dynamics-1.0.0::69123b3d59a724db57ce3a37::probabilistic::cjit1ojy,eigen-dynamics-1.0.0,0,probabilistic,2026-09-12 23:48:12.429+00,89695,1478,70,5,5,#14434A,10,circle|small|horizontal|orange,"{15,1,10,11}",2,3,11,square|small|horizontal|orange,0,0,29,1,0,1,1,1,1,3,3,3,
69123b3d59a724db57ce3a37,69123b3d59a724db57ce3a37,6aa5e2a1421fd865aae66c6f,eigen-dynamics-1.0.0::69123b3d59a724db57ce3a37::probabilistic::cjit1ojy,eigen-dynamics-1.0.0,0,probabilistic,2026-09-12 23:48:13.453+00,90719,666,71,5,6,#14434A,10,circle|small|horizontal|orange,"{9,5,8,10}",3,0,9,square|large|horizontal|orange,0,0,29,2,0,0,1,1,2,1,3,3,
69123b3d59a724db57ce3a37,69123b3d59a724db57ce3a37,6aa5e2a1421fd865aae66c6f,eigen-dynamics-1.0.0::69123b3d59a724db57ce3a37::probabilistic::cjit1ojy,eigen-dynamics-1.0.0,0,probabilistic,2026-09-12 23:48:14.564+00,91831,753,72,5,7,#14434A,10,circle|small|horizontal|orange,"{15,10,5,2}",1,1,10,circle|small|horizontal|orange,1,1,30,0,1,1,1,1,2,3,2,2,
69123b3d59a724db57ce3a37,69123b3d59a724db57ce3a37,6aa5e2a1421fd865aae66c6f,eigen-dynamics-1.0.0::69123b3d59a724db57ce3a37::probabilistic::cjit1ojy,eigen-dynamics-1.0.0,0,probabilistic,2026-09-12 23:48:15.889+00,93155,972,73,5,8,#14434A,10,circle|small|horizontal|orange,"{6,8,10,12}",2,2,10,circle|small|horizontal|orange,1,1,31,0,1,1,1,1,4,2,2,3,
69123b3d59a724db57ce3a37,69123b3d59a724db57ce3a37,6aa5e2a1421fd865aae66c6f,eigen-dynamics-1.0.0::69123b3d59a724db57ce3a37::probabilistic::cjit1ojy,eigen-dynamics-1.0.0,0,probabilistic,2026-09-12 23:48:16.82+00,94087,570,74,5,9,#14434A,10,circle|small|horizontal|orange,"{4,11,10,3}",2,2,10,circle|small|horizontal|orange,1,1,32,0,1,1,1,1,2,3,3,2,
69123b3d59a724db57ce3a37,69123b3d59a724db57ce3a37,6aa5e2a1421fd865aae66c6f,eigen-dynamics-1.0.0::69123b3d59a724db57ce3a37::probabilistic::cjit1ojy,eigen-dynamics-1.0.0,0,probabilistic,2026-09-12 23:48:17.941+00,95208,759,75,5,10,#14434A,10,circle|small|horizontal|orange,"{4,10,7,6}",1,1,10,circle|small|horizontal|orange,1,1,33,0,1,1,1,1,3,3,1,1,criterion
69123b3d59a724db57ce3a37,69123b3d59a724db57ce3a37,6aa5e2a1421fd865aae66c6f,eigen-dynamics-1.0.0::69123b3d59a724db57ce3a37::probabilistic::cjit1ojy,eigen-dynamics-1.0.0,0,probabilistic,2026-09-12 23:48:19.537+00,96804,1234,76,6,1,#5A2330,7,square|small|vertical|blue,"{3,7,0,6}",1,1,7,square|small|vertical|blue,1,1,34,0,1,1,1,1,2,3,2,4,
69123b3d59a724db57ce3a37,69123b3d59a724db57ce3a37,6aa5e2a1421fd865aae66c6f,eigen-dynamics-1.0.0::69123b3d59a724db57ce3a37::probabilistic::cjit1ojy,eigen-dynamics-1.0.0,0,probabilistic,2026-09-12 23:48:20.437+00,97704,533,77,6,2,#5A2330,7,square|small|vertical|blue,"{7,2,11,9}",0,0,7,square|small|vertical|blue,1,1,35,0,1,1,1,1,3,3,1,2,
69123b3d59a724db57ce3a37,69123b3d59a724db57ce3a37,6aa5e2a1421fd865aae66c6f,eigen-dynamics-1.0.0::69123b3d59a724db57ce3a37::probabilistic::cjit1ojy,eigen-dynamics-1.0.0,0,probabilistic,2026-09-12 23:48:21.444+00,98711,656,78,6,3,#5A2330,7,square|small|vertical|blue,"{3,13,7,1}",2,2,7,square|small|vertical|blue,1,1,36,0,1,1,1,1,4,2,2,3,
69123b3d59a724db57ce3a37,69123b3d59a724db57ce3a37,6aa5e2a1421fd865aae66c6f,eigen-dynamics-1.0.0::69123b3d59a724db57ce3a37::probabilistic::cjit1ojy,eigen-dynamics-1.0.0,0,probabilistic,2026-09-12 23:48:22.428+00,99695,624,79,6,4,#5A2330,7,square|small|vertical|blue,"{7,14,2,8}",0,0,7,square|small|vertical|blue,1,1,37,0,1,1,1,1,1,3,2,2,
69123b3d59a724db57ce3a37,69123b3d59a724db57ce3a37,6aa5e2a1421fd865aae66c6f,eigen-dynamics-1.0.0::69123b3d59a724db57ce3a37::probabilistic::cjit1ojy,eigen-dynamics-1.0.0,0,probabilistic,2026-09-12 23:48:23.465+00,100731,672,80,6,5,#5A2330,7,square|small|vertical|blue,"{7,4,0,6}",0,0,7,square|small|vertical|blue,1,0,37,0,1,1,1,1,1,2,3,4,
69123b3d59a724db57ce3a37,69123b3d59a724db57ce3a37,6aa5e2a1421fd865aae66c6f,eigen-dynamics-1.0.0::69123b3d59a724db57ce3a37::probabilistic::cjit1ojy,eigen-dynamics-1.0.0,0,probabilistic,2026-09-12 23:48:24.648+00,101915,819,81,6,6,#5A2330,7,square|small|vertical|blue,"{2,11,3,7}",3,3,7,square|small|vertical|blue,1,1,38,0,1,1,1,1,3,4,1,3,criterion
69123b3d59a724db57ce3a37,69123b3d59a724db57ce3a37,6aa5e2a1421fd865aae66c6f,eigen-dynamics-1.0.0::69123b3d59a724db57ce3a37::probabilistic::cjit1ojy,eigen-dynamics-1.0.0,0,probabilistic,2026-09-12 23:48:26.145+00,103412,1141,82,7,1,#2E4020,8,circle|large|horizontal|orange,"{13,8,11,4}",1,0,13,square|large|vertical|orange,0,0,38,2,0,1,0,1,2,3,2,3,
69123b3d59a724db57ce3a37,69123b3d59a724db57ce3a37,6aa5e2a1421fd865aae66c6f,eigen-dynamics-1.0.0::69123b3d59a724db57ce3a37::probabilistic::cjit1ojy,eigen-dynamics-1.0.0,0,probabilistic,2026-09-12 23:48:26.925+00,104191,417,83,7,2,#2E4020,8,circle|large|horizontal|orange,"{1,8,4,11}",1,1,8,circle|large|horizontal|orange,1,1,39,0,1,1,1,1,2,3,3,2,
69123b3d59a724db57ce3a37,69123b3d59a724db57ce3a37,6aa5e2a1421fd865aae66c6f,eigen-dynamics-1.0.0::69123b3d59a724db57ce3a37::probabilistic::cjit1ojy,eigen-dynamics-1.0.0,0,probabilistic,2026-09-12 23:48:27.945+00,105211,663,84,7,3,#2E4020,8,circle|large|horizontal|orange,"{11,15,8,6}",2,2,8,circle|large|horizontal|orange,1,1,40,0,1,1,1,1,2,1,2,3,
69123b3d59a724db57ce3a37,69123b3d59a724db57ce3a37,6aa5e2a1421fd865aae66c6f,eigen-dynamics-1.0.0::69123b3d59a724db57ce3a37::probabilistic::cjit1ojy,eigen-dynamics-1.0.0,0,probabilistic,2026-09-12 23:48:29.889+00,107155,1590,85,7,4,#2E4020,8,circle|large|horizontal|orange,"{7,6,13,8}",3,3,8,circle|large|horizontal|orange,1,0,40,0,1,1,1,1,2,2,1,2,
69123b3d59a724db57ce3a37,69123b3d59a724db57ce3a37,6aa5e2a1421fd865aae66c6f,eigen-dynamics-1.0.0::69123b3d59a724db57ce3a37::probabilistic::cjit1ojy,eigen-dynamics-1.0.0,0,probabilistic,2026-09-12 23:48:31.193+00,108460,946,86,7,5,#2E4020,8,circle|large|horizontal|orange,"{8,4,7,3}",0,0,8,circle|large|horizontal|orange,1,1,41,0,1,1,1,1,2,2,2,1,
69123b3d59a724db57ce3a37,69123b3d59a724db57ce3a37,6aa5e2a1421fd865aae66c6f,eigen-dynamics-1.0.0::69123b3d59a724db57ce3a37::probabilistic::cjit1ojy,eigen-dynamics-1.0.0,0,probabilistic,2026-09-12 23:48:32.501+00,109768,953,87,7,6,#2E4020,8,circle|large|horizontal|orange,"{2,8,4,10}",1,1,8,circle|large|horizontal|orange,1,1,42,0,1,1,1,1,4,2,3,2,criterion
69123b3d59a724db57ce3a37,69123b3d59a724db57ce3a37,6aa5e2a1421fd865aae66c6f,eigen-dynamics-1.0.0::69123b3d59a724db57ce3a37::probabilistic::cjit1ojy,eigen-dynamics-1.0.0,0,probabilistic,2026-09-12 23:48:35.241+00,112507,2387,88,8,1,#1F3A5F,3,square|small|horizontal|blue,"{4,13,2,3}",3,2,2,circle|small|horizontal|blue,0,1,43,1,0,1,1,1,2,2,2,3,
69123b3d59a724db57ce3a37,69123b3d59a724db57ce3a37,6aa5e2a1421fd865aae66c6f,eigen-dynamics-1.0.0::69123b3d59a724db57ce3a37::probabilistic::cjit1ojy,eigen-dynamics-1.0.0,0,probabilistic,2026-09-12 23:48:36.777+00,114043,1175,89,8,2,#1F3A5F,3,square|small|horizontal|blue,"{11,1,4,3}",3,3,3,square|small|horizontal|blue,1,1,44,0,1,1,1,1,3,2,3,3,
69123b3d59a724db57ce3a37,69123b3d59a724db57ce3a37,6aa5e2a1421fd865aae66c6f,eigen-dynamics-1.0.0::69123b3d59a724db57ce3a37::probabilistic::cjit1ojy,eigen-dynamics-1.0.0,0,probabilistic,2026-09-12 23:48:37.773+00,115039,635,90,8,3,#1F3A5F,3,square|small|horizontal|blue,"{3,1,2,6}",0,2,2,circle|small|horizontal|blue,0,0,44,1,0,1,1,1,2,3,3,4,
69123b3d59a724db57ce3a37,69123b3d59a724db57ce3a37,6aa5e2a1421fd865aae66c6f,eigen-dynamics-1.0.0::69123b3d59a724db57ce3a37::probabilistic::cjit1ojy,eigen-dynamics-1.0.0,0,probabilistic,2026-09-12 23:48:39.069+00,116335,933,91,8,4,#1F3A5F,3,square|small|horizontal|blue,"{8,3,0,9}",1,2,0,circle|large|horizontal|blue,0,0,44,2,0,0,1,1,2,1,4,2,
69123b3d59a724db57ce3a37,69123b3d59a724db57ce3a37,6aa5e2a1421fd865aae66c6f,eigen-dynamics-1.0.0::69123b3d59a724db57ce3a37::probabilistic::cjit1ojy,eigen-dynamics-1.0.0,0,probabilistic,2026-09-12 23:48:40.004+00,117271,572,92,8,5,#1F3A5F,3,square|small|horizontal|blue,"{13,0,3,12}",2,1,0,circle|large|horizontal|blue,0,0,44,2,0,0,1,1,2,1,2,2,
69123b3d59a724db57ce3a37,69123b3d59a724db57ce3a37,6aa5e2a1421fd865aae66c6f,eigen-dynamics-1.0.0::69123b3d59a724db57ce3a37::probabilistic::cjit1ojy,eigen-dynamics-1.0.0,0,probabilistic,2026-09-12 23:48:41.005+00,118271,644,93,8,6,#1F3A5F,3,square|small|horizontal|blue,"{2,13,15,3}",3,3,3,square|small|horizontal|blue,1,0,44,0,1,1,1,1,3,3,2,2,
69123b3d59a724db57ce3a37,69123b3d59a724db57ce3a37,6aa5e2a1421fd865aae66c6f,eigen-dynamics-1.0.0::69123b3d59a724db57ce3a37::probabilistic::cjit1ojy,eigen-dynamics-1.0.0,0,probabilistic,2026-09-12 23:48:41.916+00,119183,551,94,8,7,#1F3A5F,3,square|small|horizontal|blue,"{13,12,3,9}",2,2,3,square|small|horizontal|blue,1,1,45,0,1,1,1,1,3,1,2,1,
69123b3d59a724db57ce3a37,69123b3d59a724db57ce3a37,6aa5e2a1421fd865aae66c6f,eigen-dynamics-1.0.0::69123b3d59a724db57ce3a37::probabilistic::cjit1ojy,eigen-dynamics-1.0.0,0,probabilistic,2026-09-12 23:48:42.893+00,120160,612,95,8,8,#1F3A5F,3,square|small|horizontal|blue,"{3,15,9,0}",0,0,3,square|small|horizontal|blue,1,1,46,0,1,1,1,1,3,2,3,2,
69123b3d59a724db57ce3a37,69123b3d59a724db57ce3a37,6aa5e2a1421fd865aae66c6f,eigen-dynamics-1.0.0::69123b3d59a724db57ce3a37::probabilistic::cjit1ojy,eigen-dynamics-1.0.0,0,probabilistic,2026-09-12 23:48:43.836+00,121103,589,96,8,9,#1F3A5F,3,square|small|horizontal|blue,"{0,3,9,11}",1,1,3,square|small|horizontal|blue,1,1,47,0,1,1,1,1,3,2,4,2,criterion
69123b3d59a724db57ce3a37,69123b3d59a724db57ce3a37,6aa5e2a1421fd865aae66c6f,eigen-dynamics-1.0.0::69123b3d59a724db57ce3a37::probabilistic::cjit1ojy,eigen-dynamics-1.0.0,0,probabilistic,2026-09-12 23:48:44.936+00,122203,738,97,9,1,#4A2C4D,12,circle|large|vertical|orange,"{1,2,9,12}",3,0,1,square|large|horizontal|blue,0,0,47,3,0,1,0,0,2,3,1,2,
69123b3d59a724db57ce3a37,69123b3d59a724db57ce3a37,6aa5e2a1421fd865aae66c6f,eigen-dynamics-1.0.0::69123b3d59a724db57ce3a37::probabilistic::cjit1ojy,eigen-dynamics-1.0.0,0,probabilistic,2026-09-12 23:48:45.929+00,123195,631,98,9,2,#4A2C4D,12,circle|large|vertical|orange,"{10,7,6,12}",3,2,6,circle|small|vertical|blue,0,0,47,2,1,0,1,0,3,1,3,2,
69123b3d59a724db57ce3a37,69123b3d59a724db57ce3a37,6aa5e2a1421fd865aae66c6f,eigen-dynamics-1.0.0::69123b3d59a724db57ce3a37::probabilistic::cjit1ojy,eigen-dynamics-1.0.0,0,probabilistic,2026-09-12 23:48:46.905+00,124171,624,99,9,3,#4A2C4D,12,circle|large|vertical|orange,"{12,5,10,7}",0,3,7,square|small|vertical|blue,0,0,47,3,0,0,1,0,2,2,3,2,
69123b3d59a724db57ce3a37,69123b3d59a724db57ce3a37,6aa5e2a1421fd865aae66c6f,eigen-dynamics-1.0.0::69123b3d59a724db57ce3a37::probabilistic::cjit1ojy,eigen-dynamics-1.0.0,0,probabilistic,2026-09-12 23:48:47.92+00,125187,653,100,9,4,#4A2C4D,12,circle|large|vertical|orange,"{0,8,7,12}",3,0,0,circle|large|horizontal|blue,0,0,47,2,1,1,0,0,3,3,2,2,
69123b3d59a724db57ce3a37,69123b3d59a724db57ce3a37,6aa5e2a1421fd865aae66c6f,eigen-dynamics-1.0.0::69123b3d59a724db57ce3a37::probabilistic::cjit1ojy,eigen-dynamics-1.0.0,0,probabilistic,2026-09-12 23:48:48.885+00,126151,604,101,9,5,#4A2C4D,12,circle|large|vertical|orange,"{14,12,9,5}",1,3,5,square|large|vertical|blue,0,0,47,2,0,1,1,0,2,3,3,3,
69123b3d59a724db57ce3a37,69123b3d59a724db57ce3a37,6aa5e2a1421fd865aae66c6f,eigen-dynamics-1.0.0::69123b3d59a724db57ce3a37::probabilistic::cjit1ojy,eigen-dynamics-1.0.0,0,probabilistic,2026-09-12 23:48:50.356+00,127623,1107,102,9,6,#4A2C4D,12,circle|large|vertical|orange,"{14,5,12,2}",2,0,14,circle|small|vertical|orange,0,0,47,1,1,0,1,1,3,2,3,2,
69123b3d59a724db57ce3a37,69123b3d59a724db57ce3a37,6aa5e2a1421fd865aae66c6f,eigen-dynamics-1.0.0::69123b3d59a724db57ce3a37::probabilistic::cjit1ojy,eigen-dynamics-1.0.0,0,probabilistic,2026-09-12 23:48:51.328+00,128595,615,103,9,7,#4A2C4D,12,circle|large|vertical|orange,"{13,14,12,8}",2,1,14,circle|small|vertical|orange,0,0,47,1,1,0,1,1,3,3,3,4,
69123b3d59a724db57ce3a37,69123b3d59a724db57ce3a37,6aa5e2a1421fd865aae66c6f,eigen-dynamics-1.0.0::69123b3d59a724db57ce3a37::probabilistic::cjit1ojy,eigen-dynamics-1.0.0,0,probabilistic,2026-09-12 23:48:52.276+00,129543,595,104,9,8,#4A2C4D,12,circle|large|vertical|orange,"{10,12,15,4}",1,0,10,circle|small|horizontal|orange,0,1,48,2,1,0,0,1,3,2,3,3,
69123b3d59a724db57ce3a37,69123b3d59a724db57ce3a37,6aa5e2a1421fd865aae66c6f,eigen-dynamics-1.0.0::69123b3d59a724db57ce3a37::probabilistic::cjit1ojy,eigen-dynamics-1.0.0,0,probabilistic,2026-09-12 23:48:53.489+00,130755,859,105,9,9,#4A2C4D,12,circle|large|vertical|orange,"{12,13,4,2}",0,3,2,circle|small|horizontal|blue,0,0,48,3,1,0,0,0,3,3,3,2,
69123b3d59a724db57ce3a37,69123b3d59a724db57ce3a37,6aa5e2a1421fd865aae66c6f,eigen-dynamics-1.0.0::69123b3d59a724db57ce3a37::probabilistic::cjit1ojy,eigen-dynamics-1.0.0,0,probabilistic,2026-09-12 23:48:55.461+00,132727,1606,106,9,10,#4A2C4D,12,circle|large|vertical|orange,"{11,12,13,14}",1,0,11,square|small|horizontal|orange,0,1,49,3,0,0,0,1,2,2,3,4,
69123b3d59a724db57ce3a37,69123b3d59a724db57ce3a37,6aa5e2a1421fd865aae66c6f,eigen-dynamics-1.0.0::69123b3d59a724db57ce3a37::probabilistic::cjit1ojy,eigen-dynamics-1.0.0,0,probabilistic,2026-09-12 23:48:56.696+00,133963,875,107,9,11,#4A2C4D,12,circle|large|vertical|orange,"{4,5,12,13}",2,3,13,square|large|vertical|orange,0,0,49,1,0,1,1,1,2,4,4,2,
69123b3d59a724db57ce3a37,69123b3d59a724db57ce3a37,6aa5e2a1421fd865aae66c6f,eigen-dynamics-1.0.0::69123b3d59a724db57ce3a37::probabilistic::cjit1ojy,eigen-dynamics-1.0.0,0,probabilistic,2026-09-12 23:48:57.569+00,134835,520,108,9,12,#4A2C4D,12,circle|large|vertical|orange,"{1,13,12,5}",2,1,13,square|large|vertical|orange,0,0,49,1,0,1,1,1,1,4,3,2,
69123b3d59a724db57ce3a37,69123b3d59a724db57ce3a37,6aa5e2a1421fd865aae66c6f,eigen-dynamics-1.0.0::69123b3d59a724db57ce3a37::probabilistic::cjit1ojy,eigen-dynamics-1.0.0,0,probabilistic,2026-09-12 23:48:58.916+00,136183,987,109,9,13,#4A2C4D,12,circle|large|vertical|orange,"{11,2,0,12}",3,2,0,circle|large|horizontal|blue,0,0,49,2,1,1,0,0,3,2,1,2,
69123b3d59a724db57ce3a37,69123b3d59a724db57ce3a37,6aa5e2a1421fd865aae66c6f,eigen-dynamics-1.0.0::69123b3d59a724db57ce3a37::probabilistic::cjit1ojy,eigen-dynamics-1.0.0,0,probabilistic,2026-09-12 23:48:59.5+00,136767,233,110,9,14,#4A2C4D,12,circle|large|vertical|orange,"{9,4,8,12}",3,1,4,circle|large|vertical|blue,0,0,49,1,1,1,1,0,3,4,2,3,
69123b3d59a724db57ce3a37,69123b3d59a724db57ce3a37,6aa5e2a1421fd865aae66c6f,eigen-dynamics-1.0.0::69123b3d59a724db57ce3a37::probabilistic::cjit1ojy,eigen-dynamics-1.0.0,0,probabilistic,2026-09-12 23:49:01.1+00,138367,1248,111,9,15,#4A2C4D,12,circle|large|vertical|orange,"{1,4,15,12}",3,3,12,circle|large|vertical|orange,1,1,50,0,1,1,1,1,2,3,3,2,
69123b3d59a724db57ce3a37,69123b3d59a724db57ce3a37,6aa5e2a1421fd865aae66c6f,eigen-dynamics-1.0.0::69123b3d59a724db57ce3a37::probabilistic::cjit1ojy,eigen-dynamics-1.0.0,0,probabilistic,2026-09-12 23:49:02.729+00,139995,1277,112,9,16,#4A2C4D,12,circle|large|vertical|orange,"{9,12,2,8}",1,1,12,circle|large|vertical|orange,1,1,51,0,1,1,1,1,3,3,1,3,
69123b3d59a724db57ce3a37,69123b3d59a724db57ce3a37,6aa5e2a1421fd865aae66c6f,eigen-dynamics-1.0.0::69123b3d59a724db57ce3a37::probabilistic::cjit1ojy,eigen-dynamics-1.0.0,0,probabilistic,2026-09-12 23:49:03.689+00,140956,609,113,9,17,#4A2C4D,12,circle|large|vertical|orange,"{2,11,12,9}",2,2,12,circle|large|vertical|orange,1,1,52,0,1,1,1,1,2,2,1,3,
69123b3d59a724db57ce3a37,69123b3d59a724db57ce3a37,6aa5e2a1421fd865aae66c6f,eigen-dynamics-1.0.0::69123b3d59a724db57ce3a37::probabilistic::cjit1ojy,eigen-dynamics-1.0.0,0,probabilistic,2026-09-12 23:49:04.681+00,141947,628,114,9,18,#4A2C4D,12,circle|large|vertical|orange,"{1,15,7,12}",3,3,12,circle|large|vertical|orange,1,0,52,0,1,1,1,1,1,2,3,2,criterion
69123b3d59a724db57ce3a37,69123b3d59a724db57ce3a37,6aa5e2a1421fd865aae66c6f,eigen-dynamics-1.0.0::69123b3d59a724db57ce3a37::probabilistic::cjit1ojy,eigen-dynamics-1.0.0,0,probabilistic,2026-09-12 23:49:05.892+00,143159,849,115,10,1,#1E4438,11,square|small|horizontal|orange,"{13,7,11,9}",2,2,11,square|small|horizontal|orange,1,1,53,0,1,1,1,1,4,2,2,3,
69123b3d59a724db57ce3a37,69123b3d59a724db57ce3a37,6aa5e2a1421fd865aae66c6f,eigen-dynamics-1.0.0::69123b3d59a724db57ce3a37::probabilistic::cjit1ojy,eigen-dynamics-1.0.0,0,probabilistic,2026-09-12 23:49:06.8+00,144067,549,116,10,2,#1E4438,11,square|small|horizontal|orange,"{7,15,11,3}",2,2,11,square|small|horizontal|orange,1,1,54,0,1,1,1,1,4,4,2,2,
69123b3d59a724db57ce3a37,69123b3d59a724db57ce3a37,6aa5e2a1421fd865aae66c6f,eigen-dynamics-1.0.0::69123b3d59a724db57ce3a37::probabilistic::cjit1ojy,eigen-dynamics-1.0.0,0,probabilistic,2026-09-12 23:49:07.792+00,145059,626,117,10,3,#1E4438,11,square|small|horizontal|orange,"{11,7,15,4}",0,0,11,square|small|horizontal|orange,1,0,54,0,1,1,1,1,3,3,1,2,
69123b3d59a724db57ce3a37,69123b3d59a724db57ce3a37,6aa5e2a1421fd865aae66c6f,eigen-dynamics-1.0.0::69123b3d59a724db57ce3a37::probabilistic::cjit1ojy,eigen-dynamics-1.0.0,0,probabilistic,2026-09-12 23:49:08.693+00,145959,545,118,10,4,#1E4438,11,square|small|horizontal|orange,"{7,11,3,5}",1,1,11,square|small|horizontal|orange,1,1,55,0,1,1,1,1,4,3,2,1,
69123b3d59a724db57ce3a37,69123b3d59a724db57ce3a37,6aa5e2a1421fd865aae66c6f,eigen-dynamics-1.0.0::69123b3d59a724db57ce3a37::probabilistic::cjit1ojy,eigen-dynamics-1.0.0,0,probabilistic,2026-09-12 23:49:10.249+00,147515,1198,119,10,5,#1E4438,11,square|small|horizontal|orange,"{1,13,11,2}",2,2,11,square|small|horizontal|orange,1,1,56,0,1,1,1,1,3,2,3,2,
69123b3d59a724db57ce3a37,69123b3d59a724db57ce3a37,6aa5e2a1421fd865aae66c6f,eigen-dynamics-1.0.0::69123b3d59a724db57ce3a37::probabilistic::cjit1ojy,eigen-dynamics-1.0.0,0,probabilistic,2026-09-12 23:49:11.749+00,149015,1141,120,10,6,#1E4438,11,square|small|horizontal|orange,"{5,9,11,3}",2,2,11,square|small|horizontal|orange,1,1,57,0,1,1,1,1,4,2,3,2,criterion
69123b3d59a724db57ce3a37,69123b3d59a724db57ce3a37,6aa5e2a1421fd865aae66c6f,eigen-dynamics-1.0.0::69123b3d59a724db57ce3a37::probabilistic::cjit1ojy,eigen-dynamics-1.0.0,0,probabilistic,2026-09-12 23:49:13.276+00,150543,1175,121,11,1,#5A3A1E,1,square|large|horizontal|blue,"{9,1,15,11}",1,2,15,square|small|vertical|orange,0,1,58,3,1,0,0,0,4,2,3,1,
69123b3d59a724db57ce3a37,69123b3d59a724db57ce3a37,6aa5e2a1421fd865aae66c6f,eigen-dynamics-1.0.0::69123b3d59a724db57ce3a37::probabilistic::cjit1ojy,eigen-dynamics-1.0.0,0,probabilistic,2026-09-12 23:49:15.904+00,153171,2270,122,11,2,#5A3A1E,1,square|large|horizontal|blue,"{1,11,5,3}",0,2,5,square|large|vertical|blue,0,0,58,1,1,1,0,1,4,2,3,3,
69123b3d59a724db57ce3a37,69123b3d59a724db57ce3a37,6aa5e2a1421fd865aae66c6f,eigen-dynamics-1.0.0::69123b3d59a724db57ce3a37::probabilistic::cjit1ojy,eigen-dynamics-1.0.0,0,probabilistic,2026-09-12 23:49:17.253+00,154519,986,123,11,3,#5A3A1E,1,square|large|horizontal|blue,"{10,1,15,14}",1,2,15,square|small|vertical|orange,0,0,58,3,1,0,0,0,2,1,2,1,
69123b3d59a724db57ce3a37,69123b3d59a724db57ce3a37,6aa5e2a1421fd865aae66c6f,eigen-dynamics-1.0.0::69123b3d59a724db57ce3a37::probabilistic::cjit1ojy,eigen-dynamics-1.0.0,0,probabilistic,2026-09-12 23:49:18.145+00,155411,530,124,11,4,#5A3A1E,1,square|large|horizontal|blue,"{1,15,2,7}",0,1,15,square|small|vertical|orange,0,0,58,3,1,0,0,0,3,1,2,3,
69123b3d59a724db57ce3a37,69123b3d59a724db57ce3a37,6aa5e2a1421fd865aae66c6f,eigen-dynamics-1.0.0::69123b3d59a724db57ce3a37::probabilistic::cjit1ojy,eigen-dynamics-1.0.0,0,probabilistic,2026-09-12 23:49:19.065+00,156331,566,125,11,5,#5A3A1E,1,square|large|horizontal|blue,"{2,8,0,1}",3,1,8,circle|large|horizontal|orange,0,0,58,2,0,1,1,0,1,3,4,3,
69123b3d59a724db57ce3a37,69123b3d59a724db57ce3a37,6aa5e2a1421fd865aae66c6f,eigen-dynamics-1.0.0::69123b3d59a724db57ce3a37::probabilistic::cjit1ojy,eigen-dynamics-1.0.0,0,probabilistic,2026-09-12 23:49:20.252+00,157519,824,126,11,6,#5A3A1E,1,square|large|horizontal|blue,"{4,1,9,11}",1,3,11,square|small|horizontal|orange,0,0,58,2,1,0,1,0,3,3,3,2,
69123b3d59a724db57ce3a37,69123b3d59a724db57ce3a37,6aa5e2a1421fd865aae66c6f,eigen-dynamics-1.0.0::69123b3d59a724db57ce3a37::probabilistic::cjit1ojy,eigen-dynamics-1.0.0,0,probabilistic,2026-09-12 23:49:21.181+00,158447,574,127,11,7,#5A3A1E,1,square|large|horizontal|blue,"{2,1,3,4}",1,1,1,square|large|horizontal|blue,1,1,59,0,1,1,1,1,2,2,3,4,
69123b3d59a724db57ce3a37,69123b3d59a724db57ce3a37,6aa5e2a1421fd865aae66c6f,eigen-dynamics-1.0.0::69123b3d59a724db57ce3a37::probabilistic::cjit1ojy,eigen-dynamics-1.0.0,0,probabilistic,2026-09-12 23:49:22.141+00,159407,608,128,11,8,#5A3A1E,1,square|large|horizontal|blue,"{1,6,8,13}",0,0,1,square|large|horizontal|blue,1,1,60,0,1,1,1,1,2,3,2,2,
69123b3d59a724db57ce3a37,69123b3d59a724db57ce3a37,6aa5e2a1421fd865aae66c6f,eigen-dynamics-1.0.0::69123b3d59a724db57ce3a37::probabilistic::cjit1ojy,eigen-dynamics-1.0.0,0,probabilistic,2026-09-12 23:49:23.224+00,160491,723,129,11,9,#5A3A1E,1,square|large|horizontal|blue,"{13,7,10,1}",3,3,1,square|large|horizontal|blue,1,1,61,0,1,1,1,1,3,2,2,2,
69123b3d59a724db57ce3a37,69123b3d59a724db57ce3a37,6aa5e2a1421fd865aae66c6f,eigen-dynamics-1.0.0::69123b3d59a724db57ce3a37::probabilistic::cjit1ojy,eigen-dynamics-1.0.0,0,probabilistic,2026-09-12 23:49:24.352+00,161619,769,130,11,10,#5A3A1E,1,square|large|horizontal|blue,"{7,12,1,2}",2,2,1,square|large|horizontal|blue,1,0,61,0,1,1,1,1,2,2,2,3,criterion
69123b3d59a724db57ce3a37,69123b3d59a724db57ce3a37,6aa5e2a1421fd865aae66c6f,eigen-dynamics-1.0.0::69123b3d59a724db57ce3a37::probabilistic::cjit1ojy,eigen-dynamics-1.0.0,0,probabilistic,2026-09-12 23:49:25.688+00,162955,971,131,12,1,#3B2E5A,4,circle|large|vertical|blue,"{8,2,11,4}",3,0,8,circle|large|horizontal|orange,0,1,62,2,1,1,0,0,3,2,1,2,
69123b3d59a724db57ce3a37,69123b3d59a724db57ce3a37,6aa5e2a1421fd865aae66c6f,eigen-dynamics-1.0.0::69123b3d59a724db57ce3a37::probabilistic::cjit1ojy,eigen-dynamics-1.0.0,0,probabilistic,2026-09-12 23:49:26.66+00,163926,610,132,12,2,#3B2E5A,4,circle|large|vertical|blue,"{15,4,7,10}",1,3,10,circle|small|horizontal|orange,0,0,62,3,1,0,0,0,2,1,3,2,
69123b3d59a724db57ce3a37,69123b3d59a724db57ce3a37,6aa5e2a1421fd865aae66c6f,eigen-dynamics-1.0.0::69123b3d59a724db57ce3a37::probabilistic::cjit1ojy,eigen-dynamics-1.0.0,0,probabilistic,2026-09-12 23:49:27.904+00,165171,889,133,12,3,#3B2E5A,4,circle|large|vertical|blue,"{6,4,14,11}",1,1,4,circle|large|vertical|blue,1,0,62,0,1,1,1,1,3,1,3,2,
69123b3d59a724db57ce3a37,69123b3d59a724db57ce3a37,6aa5e2a1421fd865aae66c6f,eigen-dynamics-1.0.0::69123b3d59a724db57ce3a37::probabilistic::cjit1ojy,eigen-dynamics-1.0.0,0,probabilistic,2026-09-12 23:49:29.189+00,166455,921,134,12,4,#3B2E5A,4,circle|large|vertical|blue,"{4,5,7,0}",0,0,4,circle|large|vertical|blue,1,1,63,0,1,1,1,1,2,3,3,4,
69123b3d59a724db57ce3a37,69123b3d59a724db57ce3a37,6aa5e2a1421fd865aae66c6f,eigen-dynamics-1.0.0::69123b3d59a724db57ce3a37::probabilistic::cjit1ojy,eigen-dynamics-1.0.0,0,probabilistic,2026-09-12 23:49:30.436+00,167703,887,135,12,5,#3B2E5A,4,circle|large|vertical|blue,"{0,3,4,14}",2,2,4,circle|large|vertical|blue,1,1,64,0,1,1,1,1,3,2,2,3,
69123b3d59a724db57ce3a37,69123b3d59a724db57ce3a37,6aa5e2a1421fd865aae66c6f,eigen-dynamics-1.0.0::69123b3d59a724db57ce3a37::probabilistic::cjit1ojy,eigen-dynamics-1.0.0,0,probabilistic,2026-09-12 23:49:31.421+00,168688,632,136,12,6,#3B2E5A,4,circle|large|vertical|blue,"{13,12,4,15}",2,2,4,circle|large|vertical|blue,1,0,64,0,1,1,1,1,2,3,4,1,criterion
69123b3d59a724db57ce3a37,69123b3d59a724db57ce3a37,6aa5e2a1421fd865aae66c6f,eigen-dynamics-1.0.0::69123b3d59a724db57ce3a37::probabilistic::cjit1ojy,eigen-dynamics-1.0.0,0,probabilistic,2026-09-12 23:49:32.736+00,170003,953,137,13,1,#14434A,2,circle|small|horizontal|blue,"{7,11,4,2}",3,3,2,circle|small|horizontal|blue,1,1,65,0,1,1,1,1,2,3,2,3,
69123b3d59a724db57ce3a37,69123b3d59a724db57ce3a37,6aa5e2a1421fd865aae66c6f,eigen-dynamics-1.0.0::69123b3d59a724db57ce3a37::probabilistic::cjit1ojy,eigen-dynamics-1.0.0,0,probabilistic,2026-09-12 23:49:33.76+00,171027,671,138,13,2,#14434A,2,circle|small|horizontal|blue,"{2,15,11,10}",0,0,2,circle|small|horizontal|blue,1,1,66,0,1,1,1,1,2,4,3,1,
69123b3d59a724db57ce3a37,69123b3d59a724db57ce3a37,6aa5e2a1421fd865aae66c6f,eigen-dynamics-1.0.0::69123b3d59a724db57ce3a37::probabilistic::cjit1ojy,eigen-dynamics-1.0.0,0,probabilistic,2026-09-12 23:49:34.673+00,171939,550,139,13,3,#14434A,2,circle|small|horizontal|blue,"{10,2,13,8}",1,1,2,circle|small|horizontal|blue,1,0,66,0,1,1,1,1,3,2,3,1,
69123b3d59a724db57ce3a37,69123b3d59a724db57ce3a37,6aa5e2a1421fd865aae66c6f,eigen-dynamics-1.0.0::69123b3d59a724db57ce3a37::probabilistic::cjit1ojy,eigen-dynamics-1.0.0,0,probabilistic,2026-09-12 23:49:36.244+00,173511,1221,140,13,4,#14434A,2,circle|small|horizontal|blue,"{13,2,0,14}",1,2,0,circle|large|horizontal|blue,0,0,66,1,1,0,1,1,3,2,2,2,
69123b3d59a724db57ce3a37,69123b3d59a724db57ce3a37,6aa5e2a1421fd865aae66c6f,eigen-dynamics-1.0.0::69123b3d59a724db57ce3a37::probabilistic::cjit1ojy,eigen-dynamics-1.0.0,0,probabilistic,2026-09-12 23:49:37.116+00,174383,515,141,13,5,#14434A,2,circle|small|horizontal|blue,"{6,2,3,15}",1,1,2,circle|small|horizontal|blue,1,1,67,0,1,1,1,1,2,4,2,3,
69123b3d59a724db57ce3a37,69123b3d59a724db57ce3a37,6aa5e2a1421fd865aae66c6f,eigen-dynamics-1.0.0::69123b3d59a724db57ce3a37::probabilistic::cjit1ojy,eigen-dynamics-1.0.0,0,probabilistic,2026-09-12 23:49:38.692+00,175959,1225,142,13,6,#14434A,2,circle|small|horizontal|blue,"{8,0,1,2}",3,3,2,circle|small|horizontal|blue,1,1,68,0,1,1,1,1,3,1,4,3,criterion
69123b3d59a724db57ce3a37,69123b3d59a724db57ce3a37,6aa5e2a1421fd865aae66c6f,eigen-dynamics-1.0.0::69123b3d59a724db57ce3a37::probabilistic::cjit1ojy,eigen-dynamics-1.0.0,0,probabilistic,2026-09-12 23:49:40.116+00,177383,1070,143,14,1,#5A2330,15,square|small|vertical|orange,"{7,1,15,14}",2,2,15,square|small|vertical|orange,1,1,69,0,1,1,1,1,3,3,3,2,
69123b3d59a724db57ce3a37,69123b3d59a724db57ce3a37,6aa5e2a1421fd865aae66c6f,eigen-dynamics-1.0.0::69123b3d59a724db57ce3a37::probabilistic::cjit1ojy,eigen-dynamics-1.0.0,0,probabilistic,2026-09-12 23:49:41.052+00,178318,584,144,14,2,#5A2330,15,square|small|vertical|orange,"{15,9,6,10}",0,0,15,square|small|vertical|orange,1,1,70,0,1,1,1,1,2,3,2,3,
69123b3d59a724db57ce3a37,69123b3d59a724db57ce3a37,6aa5e2a1421fd865aae66c6f,eigen-dynamics-1.0.0::69123b3d59a724db57ce3a37::probabilistic::cjit1ojy,eigen-dynamics-1.0.0,0,probabilistic,2026-09-12 23:49:42.26+00,179527,843,145,14,3,#5A2330,15,square|small|vertical|orange,"{11,1,15,4}",2,2,15,square|small|vertical|orange,1,0,70,0,1,1,1,1,3,2,2,2,
69123b3d59a724db57ce3a37,69123b3d59a724db57ce3a37,6aa5e2a1421fd865aae66c6f,eigen-dynamics-1.0.0::69123b3d59a724db57ce3a37::probabilistic::cjit1ojy,eigen-dynamics-1.0.0,0,probabilistic,2026-09-12 23:49:43.256+00,180523,639,146,14,4,#5A2330,15,square|small|vertical|orange,"{14,4,3,15}",3,3,15,square|small|vertical|orange,1,1,71,0,1,1,1,1,2,3,3,2,
69123b3d59a724db57ce3a37,69123b3d59a724db57ce3a37,6aa5e2a1421fd865aae66c6f,eigen-dynamics-1.0.0::69123b3d59a724db57ce3a37::probabilistic::lyv1y0p4,eigen-dynamics-1.0.0,0,probabilistic,2026-09-12 23:45:10.85+00,0,189032,0,0,1,#1F3A5F,5,square|large|vertical|blue,"{5,2,13,0}",0,0,5,square|large|vertical|blue,1,1,1,0,1,1,1,1,2,3,2,3,
69123b3d59a724db57ce3a37,69123b3d59a724db57ce3a37,6aa5e2a1421fd865aae66c6f,eigen-dynamics-1.0.0::69123b3d59a724db57ce3a37::probabilistic::lyv1y0p4,eigen-dynamics-1.0.0,0,probabilistic,2026-09-12 23:45:13.113+00,2264,1909,1,0,2,#1F3A5F,5,square|large|vertical|blue,"{5,11,3,14}",0,0,5,square|large|vertical|blue,1,0,1,0,1,1,1,1,3,1,2,2,
69123b3d59a724db57ce3a37,69123b3d59a724db57ce3a37,6aa5e2a1421fd865aae66c6f,eigen-dynamics-1.0.0::69123b3d59a724db57ce3a37::probabilistic::lyv1y0p4,eigen-dynamics-1.0.0,0,probabilistic,2026-09-12 23:45:17.682+00,6832,4211,2,0,3,#1F3A5F,5,square|large|vertical|blue,"{3,4,5,10}",2,3,10,circle|small|horizontal|orange,0,1,2,4,0,0,0,0,2,2,2,3,
69123b3d59a724db57ce3a37,69123b3d59a724db57ce3a37,6aa5e2a1421fd865aae66c6f,eigen-dynamics-1.0.0::69123b3d59a724db57ce3a37::probabilistic::lyv1y0p4,eigen-dynamics-1.0.0,0,probabilistic,2026-09-12 23:45:20.041+00,9191,2002,3,0,4,#1F3A5F,5,square|large|vertical|blue,"{4,14,5,15}",2,2,5,square|large|vertical|blue,1,0,2,0,1,1,1,1,2,2,4,2,
69123b3d59a724db57ce3a37,69123b3d59a724db57ce3a37,6aa5e2a1421fd865aae66c6f,eigen-dynamics-1.0.0::69123b3d59a724db57ce3a37::probabilistic::lyv1y0p4,eigen-dynamics-1.0.0,0,probabilistic,2026-09-12 23:45:21.601+00,10751,1196,4,0,5,#1F3A5F,5,square|large|vertical|blue,"{11,12,0,5}",3,0,11,square|small|horizontal|orange,0,0,2,3,1,0,0,0,2,3,2,2,
69123b3d59a724db57ce3a37,69123b3d59a724db57ce3a37,6aa5e2a1421fd865aae66c6f,eigen-dynamics-1.0.0::69123b3d59a724db57ce3a37::probabilistic::lyv1y0p4,eigen-dynamics-1.0.0,0,probabilistic,2026-09-12 23:45:22.717+00,11867,755,5,0,6,#1F3A5F,5,square|large|vertical|blue,"{6,15,5,14}",2,1,15,square|small|vertical|orange,0,0,2,2,1,0,1,0,2,1,4,2,
69123b3d59a724db57ce3a37,69123b3d59a724db57ce3a37,6aa5e2a1421fd865aae66c6f,eigen-dynamics-1.0.0::69123b3d59a724db57ce3a37::probabilistic::lyv1y0p4,eigen-dynamics-1.0.0,0,probabilistic,2026-09-12 23:45:23.734+00,12884,663,6,0,7,#1F3A5F,5,square|large|vertical|blue,"{9,13,12,5}",3,3,5,square|large|vertical|blue,1,1,3,0,1,1,1,1,3,4,3,1,
69123b3d59a724db57ce3a37,69123b3d59a724db57ce3a37,6aa5e2a1421fd865aae66c6f,eigen-dynamics-1.0.0::69123b3d59a724db57ce3a37::probabilistic::lyv1y0p4,eigen-dynamics-1.0.0,0,probabilistic,2026-09-12 23:45:25.526+00,14676,1439,7,0,8,#1F3A5F,5,square|large|vertical|blue,"{5,0,11,4}",0,1,0,circle|large|horizontal|blue,0,0,3,2,0,1,0,1,2,3,2,3,
69123b3d59a724db57ce3a37,69123b3d59a724db57ce3a37,6aa5e2a1421fd865aae66c6f,eigen-dynamics-1.0.0::69123b3d59a724db57ce3a37::probabilistic::lyv1y0p4,eigen-dynamics-1.0.0,0,probabilistic,2026-09-12 23:45:26.709+00,15859,821,8,0,9,#1F3A5F,5,square|large|vertical|blue,"{8,10,9,5}",3,3,5,square|large|vertical|blue,1,1,4,0,1,1,1,1,2,3,1,1,
69123b3d59a724db57ce3a37,69123b3d59a724db57ce3a37,6aa5e2a1421fd865aae66c6f,eigen-dynamics-1.0.0::69123b3d59a724db57ce3a37::probabilistic::lyv1y0p4,eigen-dynamics-1.0.0,0,probabilistic,2026-09-12 23:45:27.83+00,16980,756,9,0,10,#1F3A5F,5,square|large|vertical|blue,"{5,4,6,13}",0,3,13,square|large|vertical|orange,0,1,5,1,1,1,1,0,2,3,4,3,
69123b3d59a724db57ce3a37,69123b3d59a724db57ce3a37,6aa5e2a1421fd865aae66c6f,eigen-dynamics-1.0.0::69123b3d59a724db57ce3a37::probabilistic::lyv1y0p4,eigen-dynamics-1.0.0,0,probabilistic,2026-09-12 23:45:29.494+00,18644,1308,10,0,11,#1F3A5F,5,square|large|vertical|blue,"{15,7,13,5}",3,1,7,square|small|vertical|blue,0,1,6,1,1,0,1,1,4,2,4,2,
69123b3d59a724db57ce3a37,69123b3d59a724db57ce3a37,6aa5e2a1421fd865aae66c6f,eigen-dynamics-1.0.0::69123b3d59a724db57ce3a37::probabilistic::lyv1y0p4,eigen-dynamics-1.0.0,0,probabilistic,2026-09-12 23:45:31.033+00,20184,1189,11,0,12,#1F3A5F,5,square|large|vertical|blue,"{13,0,14,5}",3,2,14,circle|small|vertical|orange,0,0,6,3,0,0,1,0,2,3,3,2,
69123b3d59a724db57ce3a37,69123b3d59a724db57ce3a37,6aa5e2a1421fd865aae66c6f,eigen-dynamics-1.0.0::69123b3d59a724db57ce3a37::probabilistic::lyv1y0p4,eigen-dynamics-1.0.0,0,probabilistic,2026-09-12 23:45:32.245+00,21396,851,12,0,13,#1F3A5F,5,square|large|vertical|blue,"{12,8,5,4}",2,2,5,square|large|vertical|blue,1,1,7,0,1,1,1,1,1,4,3,2,
69123b3d59a724db57ce3a37,69123b3d59a724db57ce3a37,6aa5e2a1421fd865aae66c6f,eigen-dynamics-1.0.0::69123b3d59a724db57ce3a37::probabilistic::lyv1y0p4,eigen-dynamics-1.0.0,0,probabilistic,2026-09-12 23:45:33.365+00,22515,760,13,0,14,#1F3A5F,5,square|large|vertical|blue,"{5,4,15,11}",0,3,11,square|small|horizontal|orange,0,0,7,3,1,0,0,0,3,2,3,2,
69123b3d59a724db57ce3a37,69123b3d59a724db57ce3a37,6aa5e2a1421fd865aae66c6f,eigen-dynamics-1.0.0::69123b3d59a724db57ce3a37::probabilistic::lyv1y0p4,eigen-dynamics-1.0.0,0,probabilistic,2026-09-12 23:45:34.538+00,23688,815,14,0,15,#1F3A5F,5,square|large|vertical|blue,"{6,13,5,15}",2,1,13,square|large|vertical|orange,0,0,7,1,1,1,1,0,3,2,4,2,
69123b3d59a724db57ce3a37,69123b3d59a724db57ce3a37,6aa5e2a1421fd865aae66c6f,eigen-dynamics-1.0.0::69123b3d59a724db57ce3a37::probabilistic::lyv1y0p4,eigen-dynamics-1.0.0,0,probabilistic,2026-09-12 23:45:35.589+00,24739,695,15,0,16,#1F3A5F,5,square|large|vertical|blue,"{5,15,12,3}",0,1,15,square|small|vertical|orange,0,0,7,2,1,0,1,0,3,2,3,2,
69123b3d59a724db57ce3a37,69123b3d59a724db57ce3a37,6aa5e2a1421fd865aae66c6f,eigen-dynamics-1.0.0::69123b3d59a724db57ce3a37::probabilistic::lyv1y0p4,eigen-dynamics-1.0.0,0,probabilistic,2026-09-12 23:45:36.806+00,25956,851,16,0,17,#1F3A5F,5,square|large|vertical|blue,"{6,9,8,5}",3,0,6,circle|small|vertical|blue,0,0,7,2,0,0,1,1,2,3,2,2,
69123b3d59a724db57ce3a37,69123b3d59a724db57ce3a37,6aa5e2a1421fd865aae66c6f,eigen-dynamics-1.0.0::69123b3d59a724db57ce3a37::probabilistic::lyv1y0p4,eigen-dynamics-1.0.0,0,probabilistic,2026-09-12 23:45:37.941+00,27091,783,17,0,18,#1F3A5F,5,square|large|vertical|blue,"{14,3,12,5}",3,0,14,circle|small|vertical|orange,0,1,8,3,0,0,1,0,2,2,3,2,
69123b3d59a724db57ce3a37,69123b3d59a724db57ce3a37,6aa5e2a1421fd865aae66c6f,eigen-dynamics-1.0.0::69123b3d59a724db57ce3a37::probabilistic::lyv1y0p4,eigen-dynamics-1.0.0,0,probabilistic,2026-09-12 23:45:39.046+00,28196,742,18,0,19,#1F3A5F,5,square|large|vertical|blue,"{8,5,1,12}",1,1,5,square|large|vertical|blue,1,1,9,0,1,1,1,1,2,4,2,2,
69123b3d59a724db57ce3a37,69123b3d59a724db57ce3a37,6aa5e2a1421fd865aae66c6f,eigen-dynamics-1.0.0::69123b3d59a724db57ce3a37::probabilistic::lyv1y0p4,eigen-dynamics-1.0.0,0,probabilistic,2026-09-12 23:45:40.445+00,29595,1038,19,0,20,#1F3A5F,5,square|large|vertical|blue,"{5,13,6,7}",0,2,6,circle|small|vertical|blue,0,0,9,2,0,0,1,1,3,2,4,3,
69123b3d59a724db57ce3a37,69123b3d59a724db57ce3a37,6aa5e2a1421fd865aae66c6f,eigen-dynamics-1.0.0::69123b3d59a724db57ce3a37::probabilistic::lyv1y0p4,eigen-dynamics-1.0.0,0,probabilistic,2026-09-12 23:45:41.866+00,31016,1061,20,0,21,#1F3A5F,5,square|large|vertical|blue,"{2,15,5,8}",2,1,15,square|small|vertical|orange,0,0,9,2,1,0,1,0,2,2,2,2,
69123b3d59a724db57ce3a37,69123b3d59a724db57ce3a37,6aa5e2a1421fd865aae66c6f,eigen-dynamics-1.0.0::69123b3d59a724db57ce3a37::probabilistic::lyv1y0p4,eigen-dynamics-1.0.0,0,probabilistic,2026-09-12 23:45:42.853+00,32004,626,21,0,22,#1F3A5F,5,square|large|vertical|blue,"{12,2,13,5}",3,3,5,square|large|vertical|blue,1,1,10,0,1,1,1,1,2,3,3,2,
69123b3d59a724db57ce3a37,69123b3d59a724db57ce3a37,6aa5e2a1421fd865aae66c6f,eigen-dynamics-1.0.0::69123b3d59a724db57ce3a37::probabilistic::lyv1y0p4,eigen-dynamics-1.0.0,0,probabilistic,2026-09-12 23:45:44.609+00,33760,1405,22,0,23,#1F3A5F,5,square|large|vertical|blue,"{14,9,13,5}",3,3,5,square|large|vertical|blue,1,0,10,0,1,1,1,1,3,3,3,1,
69123b3d59a724db57ce3a37,69123b3d59a724db57ce3a37,6aa5e2a1421fd865aae66c6f,eigen-dynamics-1.0.0::69123b3d59a724db57ce3a37::probabilistic::lyv1y0p4,eigen-dynamics-1.0.0,0,probabilistic,2026-09-12 23:45:45.553+00,34704,580,23,0,24,#1F3A5F,5,square|large|vertical|blue,"{5,15,2,9}",0,1,15,square|small|vertical|orange,0,1,11,2,1,0,1,0,3,2,2,2,
69123b3d59a724db57ce3a37,69123b3d59a724db57ce3a37,6aa5e2a1421fd865aae66c6f,eigen-dynamics-1.0.0::69123b3d59a724db57ce3a37::probabilistic::lyv1y0p4,eigen-dynamics-1.0.0,0,probabilistic,2026-09-12 23:45:46.649+00,35800,734,24,0,25,#1F3A5F,5,square|large|vertical|blue,"{13,7,5,9}",2,1,7,square|small|vertical|blue,0,0,11,1,1,0,1,1,4,3,3,2,
69123b3d59a724db57ce3a37,69123b3d59a724db57ce3a37,6aa5e2a1421fd865aae66c6f,eigen-dynamics-1.0.0::69123b3d59a724db57ce3a37::probabilistic::lyv1y0p4,eigen-dynamics-1.0.0,0,probabilistic,2026-09-12 23:45:47.422+00,36572,414,25,0,26,#1F3A5F,5,square|large|vertical|blue,"{5,7,12,8}",0,0,5,square|large|vertical|blue,1,1,12,0,1,1,1,1,2,3,3,2,
69123b3d59a724db57ce3a37,69123b3d59a724db57ce3a37,6aa5e2a1421fd865aae66c6f,eigen-dynamics-1.0.0::69123b3d59a724db57ce3a37::probabilistic::lyv1y0p4,eigen-dynamics-1.0.0,0,probabilistic,2026-09-12 23:45:48.706+00,37856,932,26,0,27,#1F3A5F,5,square|large|vertical|blue,"{5,3,12,14}",0,0,5,square|large|vertical|blue,1,1,13,0,1,1,1,1,2,2,3,2,
69123b3d59a724db57ce3a37,69123b3d59a724db57ce3a37,6aa5e2a1421fd865aae66c6f,eigen-dynamics-1.0.0::69123b3d59a724db57ce3a37::probabilistic::lyv1y0p4,eigen-dynamics-1.0.0,0,probabilistic,2026-09-12 23:45:50.009+00,39159,948,27,0,28,#1F3A5F,5,square|large|vertical|blue,"{2,15,5,4}",2,3,4,circle|large|vertical|blue,0,0,13,1,0,1,1,1,2,2,3,3,
69123b3d59a724db57ce3a37,69123b3d59a724db57ce3a37,6aa5e2a1421fd865aae66c6f,eigen-dynamics-1.0.0::69123b3d59a724db57ce3a37::probabilistic::lyv1y0p4,eigen-dynamics-1.0.0,0,probabilistic,2026-09-12 23:45:51.061+00,40211,689,28,0,29,#1F3A5F,5,square|large|vertical|blue,"{5,11,8,12}",0,0,5,square|large|vertical|blue,1,0,13,0,1,1,1,1,2,3,2,1,
69123b3d59a724db57ce3a37,69123b3d59a724db57ce3a37,6aa5e2a1421fd865aae66c6f,eigen-dynamics-1.0.0::69123b3d59a724db57ce3a37::probabilistic::lyv1y0p4,eigen-dynamics-1.0.0,0,probabilistic,2026-09-12 23:45:52.021+00,41171,600,29,0,30,#1F3A5F,5,square|large|vertical|blue,"{8,7,5,1}",2,0,8,circle|large|horizontal|orange,0,0,13,3,0,1,0,0,3,3,2,3,
69123b3d59a724db57ce3a37,69123b3d59a724db57ce3a37,6aa5e2a1421fd865aae66c6f,eigen-dynamics-1.0.0::69123b3d59a724db57ce3a37::probabilistic::lyv1y0p4,eigen-dynamics-1.0.0,0,probabilistic,2026-09-12 23:45:52.961+00,42112,580,30,0,31,#1F3A5F,5,square|large|vertical|blue,"{5,15,8,1}",0,1,15,square|small|vertical|orange,0,0,13,2,1,0,1,0,3,3,2,2,
69123b3d59a724db57ce3a37,69123b3d59a724db57ce3a37,6aa5e2a1421fd865aae66c6f,eigen-dynamics-1.0.0::69123b3d59a724db57ce3a37::probabilistic::lyv1y0p4,eigen-dynamics-1.0.0,0,probabilistic,2026-09-12 23:45:53.833+00,42984,521,31,0,32,#1F3A5F,5,square|large|vertical|blue,"{3,5,0,4}",1,3,4,circle|large|vertical|blue,0,0,13,1,0,1,1,1,2,3,2,4,
69123b3d59a724db57ce3a37,69123b3d59a724db57ce3a37,6aa5e2a1421fd865aae66c6f,eigen-dynamics-1.0.0::69123b3d59a724db57ce3a37::probabilistic::lyv1y0p4,eigen-dynamics-1.0.0,0,probabilistic,2026-09-12 23:45:54.678+00,43828,489,32,0,33,#1F3A5F,5,square|large|vertical|blue,"{5,15,2,8}",0,1,15,square|small|vertical|orange,0,0,13,2,1,0,1,0,2,2,2,2,
69123b3d59a724db57ce3a37,69123b3d59a724db57ce3a37,6aa5e2a1421fd865aae66c6f,eigen-dynamics-1.0.0::69123b3d59a724db57ce3a37::probabilistic::lyv1y0p4,eigen-dynamics-1.0.0,0,probabilistic,2026-09-12 23:45:55.537+00,44687,498,33,0,34,#1F3A5F,5,square|large|vertical|blue,"{5,15,4,6}",0,1,15,square|small|vertical|orange,0,1,14,2,1,0,1,0,2,2,4,3,
69123b3d59a724db57ce3a37,69123b3d59a724db57ce3a37,6aa5e2a1421fd865aae66c6f,eigen-dynamics-1.0.0::69123b3d59a724db57ce3a37::probabilistic::lyv1y0p4,eigen-dynamics-1.0.0,0,probabilistic,2026-09-12 23:45:56.529+00,45680,640,34,0,35,#1F3A5F,5,square|large|vertical|blue,"{7,10,5,13}",2,1,10,circle|small|horizontal|orange,0,0,14,4,0,0,0,0,3,2,3,2,
69123b3d59a724db57ce3a37,69123b3d59a724db57ce3a37,6aa5e2a1421fd865aae66c6f,eigen-dynamics-1.0.0::69123b3d59a724db57ce3a37::probabilistic::lyv1y0p4,eigen-dynamics-1.0.0,0,probabilistic,2026-09-12 23:45:57.373+00,46524,493,35,0,36,#1F3A5F,5,square|large|vertical|blue,"{5,6,1,13}",0,1,6,circle|small|vertical|blue,0,0,14,2,0,0,1,1,3,3,3,3,
69123b3d59a724db57ce3a37,69123b3d59a724db57ce3a37,6aa5e2a1421fd865aae66c6f,eigen-dynamics-1.0.0::69123b3d59a724db57ce3a37::probabilistic::lyv1y0p4,eigen-dynamics-1.0.0,0,probabilistic,2026-09-12 23:45:58.261+00,47412,524,36,0,37,#1F3A5F,5,square|large|vertical|blue,"{3,5,14,13}",1,1,5,square|large|vertical|blue,1,1,15,0,1,1,1,1,3,2,3,2,
69123b3d59a724db57ce3a37,69123b3d59a724db57ce3a37,6aa5e2a1421fd865aae66c6f,eigen-dynamics-1.0.0::69123b3d59a724db57ce3a37::probabilistic::lyv1y0p4,eigen-dynamics-1.0.0,0,probabilistic,2026-09-12 23:45:59.493+00,48644,865,37,0,38,#1F3A5F,5,square|large|vertical|blue,"{5,11,13,3}",0,3,3,square|small|horizontal|blue,0,0,15,2,1,0,0,1,4,2,2,2,
69d2faf2b3fc6e823f34cd3c,69d2faf2b3fc6e823f34cd3c,6aa5e2a1421fd865aae66c6f,eigen-dynamics-1.0.0::69d2faf2b3fc6e823f34cd3c::probabilistic::mztge484,eigen-dynamics-1.0.0,0,probabilistic,2026-09-12 23:42:22.922+00,0,38266,0,0,1,#1F3A5F,8,circle|large|horizontal|orange,"{0,15,8,11}",2,0,0,circle|large|horizontal|blue,0,0,0,1,1,1,1,0,2,2,3,3,
69d2faf2b3fc6e823f34cd3c,69d2faf2b3fc6e823f34cd3c,6aa5e2a1421fd865aae66c6f,eigen-dynamics-1.0.0::69d2faf2b3fc6e823f34cd3c::probabilistic::mztge484,eigen-dynamics-1.0.0,0,probabilistic,2026-09-12 23:42:24.548+00,1627,1256,1,0,2,#1F3A5F,8,circle|large|horizontal|orange,"{11,15,1,8}",3,2,1,square|large|horizontal|blue,0,1,1,2,0,1,1,0,1,2,3,3,
69d2faf2b3fc6e823f34cd3c,69d2faf2b3fc6e823f34cd3c,6aa5e2a1421fd865aae66c6f,eigen-dynamics-1.0.0::69d2faf2b3fc6e823f34cd3c::probabilistic::mztge484,eigen-dynamics-1.0.0,0,probabilistic,2026-09-12 23:42:26.246+00,3325,1340,2,0,3,#1F3A5F,8,circle|large|horizontal|orange,"{5,1,11,8}",3,1,1,square|large|horizontal|blue,0,1,2,2,0,1,1,0,1,3,3,2,
69d2faf2b3fc6e823f34cd3c,69d2faf2b3fc6e823f34cd3c,6aa5e2a1421fd865aae66c6f,eigen-dynamics-1.0.0::69d2faf2b3fc6e823f34cd3c::probabilistic::mztge484,eigen-dynamics-1.0.0,0,probabilistic,2026-09-12 23:42:29.073+00,6152,2473,3,0,4,#1F3A5F,8,circle|large|horizontal|orange,"{0,1,8,7}",2,0,0,circle|large|horizontal|blue,0,0,2,1,1,1,1,0,2,3,3,1,
69d2faf2b3fc6e823f34cd3c,69d2faf2b3fc6e823f34cd3c,6aa5e2a1421fd865aae66c6f,eigen-dynamics-1.0.0::69d2faf2b3fc6e823f34cd3c::probabilistic::mztge484,eigen-dynamics-1.0.0,0,probabilistic,2026-09-12 23:42:30.607+00,7687,1181,4,0,5,#1F3A5F,8,circle|large|horizontal|orange,"{12,5,8,6}",2,3,6,circle|small|vertical|blue,0,0,2,3,1,0,0,0,3,3,1,2,
69d2faf2b3fc6e823f34cd3c,69d2faf2b3fc6e823f34cd3c,6aa5e2a1421fd865aae66c6f,eigen-dynamics-1.0.0::69d2faf2b3fc6e823f34cd3c::probabilistic::mztge484,eigen-dynamics-1.0.0,0,probabilistic,2026-09-12 23:42:32.478+00,9557,1518,5,0,6,#1F3A5F,8,circle|large|horizontal|orange,"{8,7,2,3}",0,2,2,circle|small|horizontal|blue,0,0,2,2,1,0,1,0,2,1,3,1,
69d2faf2b3fc6e823f34cd3c,69d2faf2b3fc6e823f34cd3c,6aa5e2a1421fd865aae66c6f,eigen-dynamics-1.0.0::69d2faf2b3fc6e823f34cd3c::probabilistic::mztge484,eigen-dynamics-1.0.0,0,probabilistic,2026-09-12 23:42:33.876+00,10955,1032,6,0,7,#1F3A5F,8,circle|large|horizontal|orange,"{1,7,8,14}",2,1,7,square|small|vertical|blue,0,0,2,4,0,0,0,0,2,2,2,2,
69d2faf2b3fc6e823f34cd3c,69d2faf2b3fc6e823f34cd3c,6aa5e2a1421fd865aae66c6f,eigen-dynamics-1.0.0::69d2faf2b3fc6e823f34cd3c::probabilistic::mztge484,eigen-dynamics-1.0.0,0,probabilistic,2026-09-12 23:42:35.124+00,12203,881,7,0,8,#1F3A5F,8,circle|large|horizontal|orange,"{8,1,13,7}",0,1,1,square|large|horizontal|blue,0,1,3,2,0,1,1,0,1,3,2,2,
69d2faf2b3fc6e823f34cd3c,69d2faf2b3fc6e823f34cd3c,6aa5e2a1421fd865aae66c6f,eigen-dynamics-1.0.0::69d2faf2b3fc6e823f34cd3c::probabilistic::mztge484,eigen-dynamics-1.0.0,0,probabilistic,2026-09-12 23:42:36.831+00,13910,1345,8,0,9,#1F3A5F,8,circle|large|horizontal|orange,"{0,8,5,2}",1,2,5,square|large|vertical|blue,0,1,4,3,0,1,0,0,3,3,3,1,
69d2faf2b3fc6e823f34cd3c,69d2faf2b3fc6e823f34cd3c,6aa5e2a1421fd865aae66c6f,eigen-dynamics-1.0.0::69d2faf2b3fc6e823f34cd3c::probabilistic::mztge484,eigen-dynamics-1.0.0,0,probabilistic,2026-09-12 23:42:38.252+00,15332,1067,9,0,10,#1F3A5F,8,circle|large|horizontal|orange,"{7,15,10,8}",3,0,7,square|small|vertical|blue,0,1,5,4,0,0,0,0,2,1,2,3,
69d2faf2b3fc6e823f34cd3c,69d2faf2b3fc6e823f34cd3c,6aa5e2a1421fd865aae66c6f,eigen-dynamics-1.0.0::69d2faf2b3fc6e823f34cd3c::probabilistic::mztge484,eigen-dynamics-1.0.0,0,probabilistic,2026-09-12 23:42:39.629+00,16708,1021,10,0,11,#1F3A5F,8,circle|large|horizontal|orange,"{8,13,7,9}",0,2,7,square|small|vertical|blue,0,1,6,4,0,0,0,0,1,3,2,3,
69d2faf2b3fc6e823f34cd3c,69d2faf2b3fc6e823f34cd3c,6aa5e2a1421fd865aae66c6f,eigen-dynamics-1.0.0::69d2faf2b3fc6e823f34cd3c::probabilistic::mztge484,eigen-dynamics-1.0.0,0,probabilistic,2026-09-12 23:42:40.786+00,17865,805,11,0,12,#1F3A5F,8,circle|large|horizontal|orange,"{4,14,15,8}",3,0,4,circle|large|vertical|blue,0,0,6,2,1,1,0,0,3,2,1,3,
69d2faf2b3fc6e823f34cd3c,69d2faf2b3fc6e823f34cd3c,6aa5e2a1421fd865aae66c6f,eigen-dynamics-1.0.0::69d2faf2b3fc6e823f34cd3c::probabilistic::mztge484,eigen-dynamics-1.0.0,0,probabilistic,2026-09-12 23:42:42.577+00,19656,1440,12,0,13,#1F3A5F,8,circle|large|horizontal|orange,"{12,15,8,0}",2,3,0,circle|large|horizontal|blue,0,0,6,1,1,1,1,0,3,3,2,3,
69d2faf2b3fc6e823f34cd3c,69d2faf2b3fc6e823f34cd3c,6aa5e2a1421fd865aae66c6f,eigen-dynamics-1.0.0::69d2faf2b3fc6e823f34cd3c::probabilistic::mztge484,eigen-dynamics-1.0.0,0,probabilistic,2026-09-12 23:42:43.892+00,20971,949,13,0,14,#1F3A5F,8,circle|large|horizontal|orange,"{1,9,13,8}",3,0,1,square|large|horizontal|blue,0,1,7,2,0,1,1,0,1,4,3,3,
69d2faf2b3fc6e823f34cd3c,69d2faf2b3fc6e823f34cd3c,6aa5e2a1421fd865aae66c6f,eigen-dynamics-1.0.0::69d2faf2b3fc6e823f34cd3c::probabilistic::mztge484,eigen-dynamics-1.0.0,0,probabilistic,2026-09-12 23:42:45.34+00,22419,1081,14,0,15,#1F3A5F,8,circle|large|horizontal|orange,"{8,4,13,7}",0,1,4,circle|large|vertical|blue,0,0,7,2,1,1,0,0,2,3,1,2,
69d2faf2b3fc6e823f34cd3c,69d2faf2b3fc6e823f34cd3c,6aa5e2a1421fd865aae66c6f,eigen-dynamics-1.0.0::69d2faf2b3fc6e823f34cd3c::probabilistic::mztge484,eigen-dynamics-1.0.0,0,probabilistic,2026-09-12 23:42:46.518+00,23597,819,15,0,16,#1F3A5F,8,circle|large|horizontal|orange,"{15,8,5,9}",1,2,5,square|large|vertical|blue,0,0,7,3,0,1,0,0,1,3,2,3,
69d2faf2b3fc6e823f34cd3c,69d2faf2b3fc6e823f34cd3c,6aa5e2a1421fd865aae66c6f,eigen-dynamics-1.0.0::69d2faf2b3fc6e823f34cd3c::probabilistic::mztge484,eigen-dynamics-1.0.0,0,probabilistic,2026-09-12 23:42:48.551+00,25631,1668,16,0,17,#1F3A5F,8,circle|large|horizontal|orange,"{9,1,8,14}",2,1,1,square|large|horizontal|blue,0,0,7,2,0,1,1,0,2,3,3,3,
69d2faf2b3fc6e823f34cd3c,69d2faf2b3fc6e823f34cd3c,6aa5e2a1421fd865aae66c6f,eigen-dynamics-1.0.0::69d2faf2b3fc6e823f34cd3c::probabilistic::mztge484,eigen-dynamics-1.0.0,0,probabilistic,2026-09-12 23:42:50.743+00,27822,1841,17,0,18,#1F3A5F,8,circle|large|horizontal|orange,"{8,7,14,3}",0,3,3,square|small|horizontal|blue,0,1,8,3,0,0,1,0,2,1,2,2,
69d2faf2b3fc6e823f34cd3c,69d2faf2b3fc6e823f34cd3c,6aa5e2a1421fd865aae66c6f,eigen-dynamics-1.0.0::69d2faf2b3fc6e823f34cd3c::probabilistic::mztge484,eigen-dynamics-1.0.0,0,probabilistic,2026-09-12 23:42:52.927+00,30006,1819,18,0,19,#1F3A5F,8,circle|large|horizontal|orange,"{0,5,8,4}",2,1,5,square|large|vertical|blue,0,1,9,3,0,1,0,0,3,4,2,1,
69d2faf2b3fc6e823f34cd3c,69d2faf2b3fc6e823f34cd3c,6aa5e2a1421fd865aae66c6f,eigen-dynamics-1.0.0::69d2faf2b3fc6e823f34cd3c::probabilistic::mztge484,eigen-dynamics-1.0.0,0,probabilistic,2026-09-12 23:42:54.519+00,31598,1224,19,0,20,#1F3A5F,8,circle|large|horizontal|orange,"{13,12,8,6}",2,3,6,circle|small|vertical|blue,0,1,10,3,1,0,0,0,3,3,1,3,
69d2faf2b3fc6e823f34cd3c,69d2faf2b3fc6e823f34cd3c,6aa5e2a1421fd865aae66c6f,eigen-dynamics-1.0.0::69d2faf2b3fc6e823f34cd3c::probabilistic::mztge484,eigen-dynamics-1.0.0,0,probabilistic,2026-09-12 23:42:56.795+00,33875,1924,20,0,21,#1F3A5F,8,circle|large|horizontal|orange,"{1,4,8,7}",2,0,1,square|large|horizontal|blue,0,1,11,2,0,1,1,0,2,3,2,1,
69d2faf2b3fc6e823f34cd3c,69d2faf2b3fc6e823f34cd3c,6aa5e2a1421fd865aae66c6f,eigen-dynamics-1.0.0::69d2faf2b3fc6e823f34cd3c::probabilistic::mztge484,eigen-dynamics-1.0.0,0,probabilistic,2026-09-12 23:42:58.222+00,35301,1066,21,0,22,#1F3A5F,8,circle|large|horizontal|orange,"{7,1,2,8}",3,1,1,square|large|horizontal|blue,0,0,11,2,0,1,1,0,2,2,3,1,
69d2faf2b3fc6e823f34cd3c,69d2faf2b3fc6e823f34cd3c,6aa5e2a1421fd865aae66c6f,eigen-dynamics-1.0.0::69d2faf2b3fc6e823f34cd3c::probabilistic::mztge484,eigen-dynamics-1.0.0,0,probabilistic,2026-09-12 23:42:59.471+00,36551,896,22,0,23,#1F3A5F,8,circle|large|horizontal|orange,"{0,8,11,6}",1,0,0,circle|large|horizontal|blue,0,1,12,1,1,1,1,0,3,2,3,2,
69d2faf2b3fc6e823f34cd3c,69d2faf2b3fc6e823f34cd3c,6aa5e2a1421fd865aae66c6f,eigen-dynamics-1.0.0::69d2faf2b3fc6e823f34cd3c::probabilistic::mztge484,eigen-dynamics-1.0.0,0,probabilistic,2026-09-12 23:43:00.686+00,37765,849,23,0,24,#1F3A5F,8,circle|large|horizontal|orange,"{13,8,11,0}",1,3,0,circle|large|horizontal|blue,0,1,13,1,1,1,1,0,2,3,3,3,
69d2faf2b3fc6e823f34cd3c,69d2faf2b3fc6e823f34cd3c,6aa5e2a1421fd865aae66c6f,eigen-dynamics-1.0.0::69d2faf2b3fc6e823f34cd3c::probabilistic::mztge484,eigen-dynamics-1.0.0,0,probabilistic,2026-09-12 23:43:02.255+00,39334,1202,24,0,25,#1F3A5F,8,circle|large|horizontal|orange,"{15,8,1,0}",1,2,1,square|large|horizontal|blue,0,0,13,2,0,1,1,0,2,3,3,2,
69d2faf2b3fc6e823f34cd3c,69d2faf2b3fc6e823f34cd3c,6aa5e2a1421fd865aae66c6f,eigen-dynamics-1.0.0::69d2faf2b3fc6e823f34cd3c::probabilistic::mztge484,eigen-dynamics-1.0.0,0,probabilistic,2026-09-12 23:43:03.447+00,40526,825,25,0,26,#1F3A5F,8,circle|large|horizontal|orange,"{3,5,8,12}",2,1,5,square|large|vertical|blue,0,0,13,3,0,1,0,0,2,3,2,2,
69d2faf2b3fc6e823f34cd3c,69d2faf2b3fc6e823f34cd3c,6aa5e2a1421fd865aae66c6f,eigen-dynamics-1.0.0::69d2faf2b3fc6e823f34cd3c::probabilistic::mztge484,eigen-dynamics-1.0.0,0,probabilistic,2026-09-12 23:43:04.189+00,41268,382,26,0,27,#1F3A5F,8,circle|large|horizontal|orange,"{8,5,0,6}",0,0,8,circle|large|horizontal|orange,1,0,13,0,1,1,1,1,3,3,2,1,
69d2faf2b3fc6e823f34cd3c,69d2faf2b3fc6e823f34cd3c,6aa5e2a1421fd865aae66c6f,eigen-dynamics-1.0.0::69d2faf2b3fc6e823f34cd3c::probabilistic::mztge484,eigen-dynamics-1.0.0,0,probabilistic,2026-09-12 23:43:05.203+00,42282,657,27,0,28,#1F3A5F,8,circle|large|horizontal|orange,"{13,2,15,8}",3,1,2,circle|small|horizontal|blue,0,0,13,2,1,0,1,0,2,2,2,3,
69d2faf2b3fc6e823f34cd3c,69d2faf2b3fc6e823f34cd3c,6aa5e2a1421fd865aae66c6f,eigen-dynamics-1.0.0::69d2faf2b3fc6e823f34cd3c::probabilistic::mztge484,eigen-dynamics-1.0.0,0,probabilistic,2026-09-12 23:43:06.274+00,43353,707,28,0,29,#1F3A5F,8,circle|large|horizontal|orange,"{8,10,12,5}",0,3,5,square|large|vertical|blue,0,0,13,3,0,1,0,0,3,3,2,3,
69d2faf2b3fc6e823f34cd3c,69d2faf2b3fc6e823f34cd3c,6aa5e2a1421fd865aae66c6f,eigen-dynamics-1.0.0::69d2faf2b3fc6e823f34cd3c::probabilistic::mztge484,eigen-dynamics-1.0.0,0,probabilistic,2026-09-12 23:43:07.551+00,44630,925,29,0,30,#1F3A5F,8,circle|large|horizontal|orange,"{15,2,6,8}",3,2,6,circle|small|vertical|blue,0,0,13,3,1,0,0,0,3,1,2,2,
69d2faf2b3fc6e823f34cd3c,69d2faf2b3fc6e823f34cd3c,6aa5e2a1421fd865aae66c6f,eigen-dynamics-1.0.0::69d2faf2b3fc6e823f34cd3c::probabilistic::mztge484,eigen-dynamics-1.0.0,0,probabilistic,2026-09-12 23:43:08.878+00,45957,976,30,0,31,#1F3A5F,8,circle|large|horizontal|orange,"{2,8,7,15}",1,0,2,circle|small|horizontal|blue,0,0,13,2,1,0,1,0,2,1,2,2,
69d2faf2b3fc6e823f34cd3c,69d2faf2b3fc6e823f34cd3c,6aa5e2a1421fd865aae66c6f,eigen-dynamics-1.0.0::69d2faf2b3fc6e823f34cd3c::probabilistic::mztge484,eigen-dynamics-1.0.0,0,probabilistic,2026-09-12 23:43:10.006+00,47086,776,31,0,32,#1F3A5F,8,circle|large|horizontal|orange,"{2,11,5,8}",3,2,5,square|large|vertical|blue,0,0,13,3,0,1,0,0,2,2,3,2,
69d2faf2b3fc6e823f34cd3c,69d2faf2b3fc6e823f34cd3c,6aa5e2a1421fd865aae66c6f,eigen-dynamics-1.0.0::69d2faf2b3fc6e823f34cd3c::probabilistic::mztge484,eigen-dynamics-1.0.0,0,probabilistic,2026-09-12 23:43:12.725+00,49804,2360,32,0,33,#1F3A5F,8,circle|large|horizontal|orange,"{10,3,7,8}",3,1,3,square|small|horizontal|blue,0,0,13,3,0,0,1,0,2,1,3,2,
69d2faf2b3fc6e823f34cd3c,69d2faf2b3fc6e823f34cd3c,6aa5e2a1421fd865aae66c6f,eigen-dynamics-1.0.0::69d2faf2b3fc6e823f34cd3c::probabilistic::mztge484,eigen-dynamics-1.0.0,0,probabilistic,2026-09-12 23:43:14.553+00,51632,1468,33,0,34,#1F3A5F,8,circle|large|horizontal|orange,"{0,7,8,5}",2,0,0,circle|large|horizontal|blue,0,1,14,1,1,1,1,0,2,3,2,1,
69d2faf2b3fc6e823f34cd3c,69d2faf2b3fc6e823f34cd3c,6aa5e2a1421fd865aae66c6f,eigen-dynamics-1.0.0::69d2faf2b3fc6e823f34cd3c::probabilistic::mztge484,eigen-dynamics-1.0.0,0,probabilistic,2026-09-12 23:43:15.538+00,52617,618,34,0,35,#1F3A5F,8,circle|large|horizontal|orange,"{8,4,3,5}",0,3,5,square|large|vertical|blue,0,1,15,3,0,1,0,0,2,3,2,1,
69d2faf2b3fc6e823f34cd3c,69d2faf2b3fc6e823f34cd3c,6aa5e2a1421fd865aae66c6f,eigen-dynamics-1.0.0::69d2faf2b3fc6e823f34cd3c::probabilistic::mztge484,eigen-dynamics-1.0.0,0,probabilistic,2026-09-12 23:43:16.544+00,53623,655,35,0,36,#1F3A5F,8,circle|large|horizontal|orange,"{7,10,8,14}",2,0,7,square|small|vertical|blue,0,0,15,4,0,0,0,0,3,1,2,3,
69d2faf2b3fc6e823f34cd3c,69d2faf2b3fc6e823f34cd3c,6aa5e2a1421fd865aae66c6f,eigen-dynamics-1.0.0::69d2faf2b3fc6e823f34cd3c::probabilistic::mztge484,eigen-dynamics-1.0.0,0,probabilistic,2026-09-12 23:43:17.672+00,54751,774,36,0,37,#1F3A5F,8,circle|large|horizontal|orange,"{2,12,8,11}",2,0,2,circle|small|horizontal|blue,0,0,15,2,1,0,1,0,3,2,3,3,
69d2faf2b3fc6e823f34cd3c,69d2faf2b3fc6e823f34cd3c,6aa5e2a1421fd865aae66c6f,eigen-dynamics-1.0.0::69d2faf2b3fc6e823f34cd3c::probabilistic::mztge484,eigen-dynamics-1.0.0,0,probabilistic,2026-09-12 23:43:20.177+00,57257,2145,37,0,38,#1F3A5F,8,circle|large|horizontal|orange,"{15,11,8,13}",2,2,8,circle|large|horizontal|orange,1,1,16,0,1,1,1,1,1,2,2,4,
69d2faf2b3fc6e823f34cd3c,69d2faf2b3fc6e823f34cd3c,6aa5e2a1421fd865aae66c6f,eigen-dynamics-1.0.0::69d2faf2b3fc6e823f34cd3c::probabilistic::mztge484,eigen-dynamics-1.0.0,0,probabilistic,2026-09-12 23:43:22.389+00,59468,1860,38,0,39,#1F3A5F,8,circle|large|horizontal|orange,"{12,13,14,8}",3,3,8,circle|large|horizontal|orange,1,1,17,0,1,1,1,1,3,3,1,4,
69d2faf2b3fc6e823f34cd3c,69d2faf2b3fc6e823f34cd3c,6aa5e2a1421fd865aae66c6f,eigen-dynamics-1.0.0::69d2faf2b3fc6e823f34cd3c::probabilistic::mztge484,eigen-dynamics-1.0.0,0,probabilistic,2026-09-12 23:43:24.166+00,61245,1410,39,0,40,#1F3A5F,8,circle|large|horizontal|orange,"{12,1,4,8}",3,0,12,circle|large|vertical|orange,0,0,17,1,1,1,0,1,3,4,2,2,cap
69d2faf2b3fc6e823f34cd3c,69d2faf2b3fc6e823f34cd3c,6aa5e2a1421fd865aae66c6f,eigen-dynamics-1.0.0::69d2faf2b3fc6e823f34cd3c::probabilistic::mztge484,eigen-dynamics-1.0.0,0,probabilistic,2026-09-12 23:43:26.329+00,63408,1811,40,1,1,#4A2C4D,6,circle|small|vertical|blue,"{6,12,4,7}",0,1,12,circle|large|vertical|orange,0,0,17,2,1,0,1,0,3,2,4,3,
69d2faf2b3fc6e823f34cd3c,69d2faf2b3fc6e823f34cd3c,6aa5e2a1421fd865aae66c6f,eigen-dynamics-1.0.0::69d2faf2b3fc6e823f34cd3c::probabilistic::mztge484,eigen-dynamics-1.0.0,0,probabilistic,2026-09-12 23:43:27.863+00,64942,1176,41,1,2,#4A2C4D,6,circle|small|vertical|blue,"{14,15,6,12}",2,0,14,circle|small|vertical|orange,0,0,17,1,1,1,1,0,3,3,4,1,
69d2faf2b3fc6e823f34cd3c,69d2faf2b3fc6e823f34cd3c,6aa5e2a1421fd865aae66c6f,eigen-dynamics-1.0.0::69d2faf2b3fc6e823f34cd3c::probabilistic::mztge484,eigen-dynamics-1.0.0,0,probabilistic,2026-09-12 23:43:30.403+00,67483,2174,42,1,3,#4A2C4D,6,circle|small|vertical|blue,"{10,14,6,13}",2,3,13,square|large|vertical|orange,0,1,18,3,0,0,1,0,3,3,3,1,
69d2faf2b3fc6e823f34cd3c,69d2faf2b3fc6e823f34cd3c,6aa5e2a1421fd865aae66c6f,eigen-dynamics-1.0.0::69d2faf2b3fc6e823f34cd3c::probabilistic::mztge484,eigen-dynamics-1.0.0,0,probabilistic,2026-09-12 23:43:31.617+00,68696,860,43,1,4,#4A2C4D,6,circle|small|vertical|blue,"{1,6,14,15}",1,3,15,square|small|vertical|orange,0,0,18,2,0,1,1,0,2,3,3,2,
69d2faf2b3fc6e823f34cd3c,69d2faf2b3fc6e823f34cd3c,6aa5e2a1421fd865aae66c6f,eigen-dynamics-1.0.0::69d2faf2b3fc6e823f34cd3c::probabilistic::mztge484,eigen-dynamics-1.0.0,0,probabilistic,2026-09-12 23:43:32.816+00,69895,834,44,1,5,#4A2C4D,6,circle|small|vertical|blue,"{6,15,13,4}",0,2,13,square|large|vertical|orange,0,1,19,3,0,0,1,0,2,2,4,2,
69d2faf2b3fc6e823f34cd3c,69d2faf2b3fc6e823f34cd3c,6aa5e2a1421fd865aae66c6f,eigen-dynamics-1.0.0::69d2faf2b3fc6e823f34cd3c::probabilistic::mztge484,eigen-dynamics-1.0.0,0,probabilistic,2026-09-12 23:43:34.308+00,71387,1134,45,1,6,#4A2C4D,6,circle|small|vertical|blue,"{9,2,0,6}",3,0,9,square|large|horizontal|orange,0,1,20,4,0,0,0,0,3,2,1,3,
69d2faf2b3fc6e823f34cd3c,69d2faf2b3fc6e823f34cd3c,6aa5e2a1421fd865aae66c6f,eigen-dynamics-1.0.0::69d2faf2b3fc6e823f34cd3c::probabilistic::mztge484,eigen-dynamics-1.0.0,0,probabilistic,2026-09-12 23:43:35.749+00,72828,1088,46,1,7,#4A2C4D,6,circle|small|vertical|blue,"{6,12,2,3}",0,1,12,circle|large|vertical|orange,0,1,21,2,1,0,1,0,3,3,2,3,
69d2faf2b3fc6e823f34cd3c,69d2faf2b3fc6e823f34cd3c,6aa5e2a1421fd865aae66c6f,eigen-dynamics-1.0.0::69d2faf2b3fc6e823f34cd3c::probabilistic::mztge484,eigen-dynamics-1.0.0,0,probabilistic,2026-09-12 23:43:36.834+00,73913,731,47,1,8,#4A2C4D,6,circle|small|vertical|blue,"{12,8,6,5}",2,0,12,circle|large|vertical|orange,0,0,21,2,1,0,1,0,3,1,3,2,
69d2faf2b3fc6e823f34cd3c,69d2faf2b3fc6e823f34cd3c,6aa5e2a1421fd865aae66c6f,eigen-dynamics-1.0.0::69d2faf2b3fc6e823f34cd3c::probabilistic::mztge484,eigen-dynamics-1.0.0,0,probabilistic,2026-09-12 23:43:38.725+00,75804,1537,48,1,9,#4A2C4D,6,circle|small|vertical|blue,"{13,2,6,0}",2,0,13,square|large|vertical|orange,0,0,21,3,0,0,1,0,3,2,2,3,
69d2faf2b3fc6e823f34cd3c,69d2faf2b3fc6e823f34cd3c,6aa5e2a1421fd865aae66c6f,eigen-dynamics-1.0.0::69d2faf2b3fc6e823f34cd3c::probabilistic::mztge484,eigen-dynamics-1.0.0,0,probabilistic,2026-09-12 23:43:39.753+00,76832,669,49,1,10,#4A2C4D,6,circle|small|vertical|blue,"{2,11,6,5}",2,1,11,square|small|horizontal|orange,0,0,21,3,0,1,0,0,2,3,2,3,
69d2faf2b3fc6e823f34cd3c,69d2faf2b3fc6e823f34cd3c,6aa5e2a1421fd865aae66c6f,eigen-dynamics-1.0.0::69d2faf2b3fc6e823f34cd3c::probabilistic::mztge484,eigen-dynamics-1.0.0,0,probabilistic,2026-09-12 23:43:40.929+00,78008,810,50,1,11,#4A2C4D,6,circle|small|vertical|blue,"{4,7,11,6}",3,2,11,square|small|horizontal|orange,0,1,22,3,0,1,0,0,2,3,3,3,
69d2faf2b3fc6e823f34cd3c,69d2faf2b3fc6e823f34cd3c,6aa5e2a1421fd865aae66c6f,eigen-dynamics-1.0.0::69d2faf2b3fc6e823f34cd3c::probabilistic::mztge484,eigen-dynamics-1.0.0,0,probabilistic,2026-09-12 23:43:41.978+00,79058,685,51,1,12,#4A2C4D,6,circle|small|vertical|blue,"{5,6,15,13}",1,3,13,square|large|vertical|orange,0,0,22,3,0,0,1,0,1,2,4,2,
69d2faf2b3fc6e823f34cd3c,69d2faf2b3fc6e823f34cd3c,6aa5e2a1421fd865aae66c6f,eigen-dynamics-1.0.0::69d2faf2b3fc6e823f34cd3c::probabilistic::mztge484,eigen-dynamics-1.0.0,0,probabilistic,2026-09-12 23:43:42.733+00,79813,399,52,1,13,#4A2C4D,6,circle|small|vertical|blue,"{6,11,9,4}",0,2,9,square|large|horizontal|orange,0,0,22,4,0,0,0,0,2,2,2,2,
69d2faf2b3fc6e823f34cd3c,69d2faf2b3fc6e823f34cd3c,6aa5e2a1421fd865aae66c6f,eigen-dynamics-1.0.0::69d2faf2b3fc6e823f34cd3c::probabilistic::mztge484,eigen-dynamics-1.0.0,0,probabilistic,2026-09-12 23:43:43.513+00,80593,427,53,1,14,#4A2C4D,6,circle|small|vertical|blue,"{2,9,12,6}",3,1,9,square|large|horizontal|orange,0,0,22,4,0,0,0,0,3,2,2,2,
69d2faf2b3fc6e823f34cd3c,69d2faf2b3fc6e823f34cd3c,6aa5e2a1421fd865aae66c6f,eigen-dynamics-1.0.0::69d2faf2b3fc6e823f34cd3c::probabilistic::mztge484,eigen-dynamics-1.0.0,0,probabilistic,2026-09-12 23:43:44.134+00,81214,259,54,1,15,#4A2C4D,6,circle|small|vertical|blue,"{5,6,3,11}",1,2,3,square|small|horizontal|blue,0,0,22,2,0,1,0,1,1,3,2,3,
69d2faf2b3fc6e823f34cd3c,69d2faf2b3fc6e823f34cd3c,6aa5e2a1421fd865aae66c6f,eigen-dynamics-1.0.0::69d2faf2b3fc6e823f34cd3c::probabilistic::mztge484,eigen-dynamics-1.0.0,0,probabilistic,2026-09-12 23:43:44.86+00,81940,363,55,1,16,#4A2C4D,6,circle|small|vertical|blue,"{2,6,1,14}",1,3,14,circle|small|vertical|orange,0,0,22,1,1,1,1,0,3,3,2,3,
69d2faf2b3fc6e823f34cd3c,69d2faf2b3fc6e823f34cd3c,6aa5e2a1421fd865aae66c6f,eigen-dynamics-1.0.0::69d2faf2b3fc6e823f34cd3c::probabilistic::mztge484,eigen-dynamics-1.0.0,0,probabilistic,2026-09-12 23:43:45.869+00,82949,656,56,1,17,#4A2C4D,6,circle|small|vertical|blue,"{0,6,8,7}",1,2,8,circle|large|horizontal|orange,0,0,22,3,1,0,0,0,3,2,2,3,
69d2faf2b3fc6e823f34cd3c,69d2faf2b3fc6e823f34cd3c,6aa5e2a1421fd865aae66c6f,eigen-dynamics-1.0.0::69d2faf2b3fc6e823f34cd3c::probabilistic::mztge484,eigen-dynamics-1.0.0,0,probabilistic,2026-09-12 23:43:47.381+00,84461,1153,57,1,18,#4A2C4D,6,circle|small|vertical|blue,"{6,14,10,4}",0,1,14,circle|small|vertical|orange,0,0,22,1,1,1,1,0,4,3,3,2,
69d2faf2b3fc6e823f34cd3c,69d2faf2b3fc6e823f34cd3c,6aa5e2a1421fd865aae66c6f,eigen-dynamics-1.0.0::69d2faf2b3fc6e823f34cd3c::probabilistic::mztge484,eigen-dynamics-1.0.0,0,probabilistic,2026-09-12 23:43:48.531+00,85610,786,58,1,19,#4A2C4D,6,circle|small|vertical|blue,"{6,12,14,15}",0,3,15,square|small|vertical|orange,0,0,22,2,0,1,1,0,3,3,4,1,
69d2faf2b3fc6e823f34cd3c,69d2faf2b3fc6e823f34cd3c,6aa5e2a1421fd865aae66c6f,eigen-dynamics-1.0.0::69d2faf2b3fc6e823f34cd3c::probabilistic::mztge484,eigen-dynamics-1.0.0,0,probabilistic,2026-09-12 23:43:49.624+00,86703,736,59,1,20,#4A2C4D,6,circle|small|vertical|blue,"{14,4,12,6}",3,2,12,circle|large|vertical|orange,0,0,22,2,1,0,1,0,4,2,4,2,
69d2faf2b3fc6e823f34cd3c,69d2faf2b3fc6e823f34cd3c,6aa5e2a1421fd865aae66c6f,eigen-dynamics-1.0.0::69d2faf2b3fc6e823f34cd3c::probabilistic::mztge484,eigen-dynamics-1.0.0,0,probabilistic,2026-09-12 23:43:50.929+00,88008,950,60,1,21,#4A2C4D,6,circle|small|vertical|blue,"{7,12,15,6}",3,0,7,square|small|vertical|blue,0,0,22,1,0,1,1,1,2,3,4,2,
69d2faf2b3fc6e823f34cd3c,69d2faf2b3fc6e823f34cd3c,6aa5e2a1421fd865aae66c6f,eigen-dynamics-1.0.0::69d2faf2b3fc6e823f34cd3c::probabilistic::mztge484,eigen-dynamics-1.0.0,0,probabilistic,2026-09-12 23:43:52.593+00,89672,1309,61,1,22,#4A2C4D,6,circle|small|vertical|blue,"{8,2,6,14}",2,0,8,circle|large|horizontal|orange,0,0,22,3,1,0,0,0,4,3,2,2,
69d2faf2b3fc6e823f34cd3c,69d2faf2b3fc6e823f34cd3c,6aa5e2a1421fd865aae66c6f,eigen-dynamics-1.0.0::69d2faf2b3fc6e823f34cd3c::probabilistic::mztge484,eigen-dynamics-1.0.0,0,probabilistic,2026-09-12 23:43:54.941+00,92020,1996,62,1,23,#4A2C4D,6,circle|small|vertical|blue,"{3,6,9,1}",1,2,9,square|large|horizontal|orange,0,0,22,4,0,0,0,0,1,2,1,3,
69d2faf2b3fc6e823f34cd3c,69d2faf2b3fc6e823f34cd3c,6aa5e2a1421fd865aae66c6f,eigen-dynamics-1.0.0::69d2faf2b3fc6e823f34cd3c::probabilistic::mztge484,eigen-dynamics-1.0.0,0,probabilistic,2026-09-12 23:43:56.075+00,93154,773,63,1,24,#4A2C4D,6,circle|small|vertical|blue,"{6,15,10,7}",0,1,15,square|small|vertical|orange,0,0,22,2,0,1,1,0,2,4,3,2,
69d2faf2b3fc6e823f34cd3c,69d2faf2b3fc6e823f34cd3c,6aa5e2a1421fd865aae66c6f,eigen-dynamics-1.0.0::69d2faf2b3fc6e823f34cd3c::probabilistic::mztge484,eigen-dynamics-1.0.0,0,probabilistic,2026-09-12 23:43:59.308+00,96387,2871,64,1,25,#4A2C4D,6,circle|small|vertical|blue,"{7,3,2,6}",3,3,6,circle|small|vertical|blue,1,1,23,0,1,1,1,1,2,4,2,4,
69d2faf2b3fc6e823f34cd3c,69d2faf2b3fc6e823f34cd3c,6aa5e2a1421fd865aae66c6f,eigen-dynamics-1.0.0::69d2faf2b3fc6e823f34cd3c::probabilistic::mztge484,eigen-dynamics-1.0.0,0,probabilistic,2026-09-12 23:44:00.835+00,97915,1176,65,1,26,#4A2C4D,6,circle|small|vertical|blue,"{14,13,0,6}",3,3,6,circle|small|vertical|blue,1,1,24,0,1,1,1,1,3,2,3,2,
69d2faf2b3fc6e823f34cd3c,69d2faf2b3fc6e823f34cd3c,6aa5e2a1421fd865aae66c6f,eigen-dynamics-1.0.0::69d2faf2b3fc6e823f34cd3c::probabilistic::mztge484,eigen-dynamics-1.0.0,0,probabilistic,2026-09-12 23:44:01.913+00,98992,718,66,1,27,#4A2C4D,6,circle|small|vertical|blue,"{14,8,6,4}",2,3,4,circle|large|vertical|blue,0,0,24,1,1,0,1,1,4,2,3,2,
69d2faf2b3fc6e823f34cd3c,69d2faf2b3fc6e823f34cd3c,6aa5e2a1421fd865aae66c6f,eigen-dynamics-1.0.0::69d2faf2b3fc6e823f34cd3c::probabilistic::mztge484,eigen-dynamics-1.0.0,0,probabilistic,2026-09-12 23:44:03.19+00,100269,911,67,1,28,#4A2C4D,6,circle|small|vertical|blue,"{1,6,5,14}",1,1,6,circle|small|vertical|blue,1,1,25,0,1,1,1,1,2,2,3,3,
69d2faf2b3fc6e823f34cd3c,69d2faf2b3fc6e823f34cd3c,6aa5e2a1421fd865aae66c6f,eigen-dynamics-1.0.0::69d2faf2b3fc6e823f34cd3c::probabilistic::mztge484,eigen-dynamics-1.0.0,0,probabilistic,2026-09-12 23:44:04.36+00,101440,815,68,1,29,#4A2C4D,6,circle|small|vertical|blue,"{10,9,1,6}",3,3,6,circle|small|vertical|blue,1,0,25,0,1,1,1,1,2,2,1,2,criterion
69d2faf2b3fc6e823f34cd3c,69d2faf2b3fc6e823f34cd3c,6aa5e2a1421fd865aae66c6f,eigen-dynamics-1.0.0::69d2faf2b3fc6e823f34cd3c::probabilistic::mztge484,eigen-dynamics-1.0.0,0,probabilistic,2026-09-12 23:44:07.043+00,104122,2327,69,2,1,#1E4438,15,square|small|vertical|orange,"{5,3,14,15}",3,2,14,circle|small|vertical|orange,0,0,25,1,0,1,1,1,3,3,3,2,
69d2faf2b3fc6e823f34cd3c,69d2faf2b3fc6e823f34cd3c,6aa5e2a1421fd865aae66c6f,eigen-dynamics-1.0.0::69d2faf2b3fc6e823f34cd3c::probabilistic::mztge484,eigen-dynamics-1.0.0,0,probabilistic,2026-09-12 23:44:08.827+00,105907,1425,70,2,2,#1E4438,15,square|small|vertical|orange,"{15,5,4,11}",0,3,11,square|small|horizontal|orange,0,0,25,1,1,1,0,1,3,2,3,2,
69d2faf2b3fc6e823f34cd3c,69d2faf2b3fc6e823f34cd3c,6aa5e2a1421fd865aae66c6f,eigen-dynamics-1.0.0::69d2faf2b3fc6e823f34cd3c::probabilistic::mztge484,eigen-dynamics-1.0.0,0,probabilistic,2026-09-12 23:44:11.639+00,108718,2457,71,2,3,#1E4438,15,square|small|vertical|orange,"{3,13,15,9}",2,1,13,square|large|vertical|orange,0,0,25,1,1,0,1,1,4,2,2,3,
69d2faf2b3fc6e823f34cd3c,69d2faf2b3fc6e823f34cd3c,6aa5e2a1421fd865aae66c6f,eigen-dynamics-1.0.0::69d2faf2b3fc6e823f34cd3c::probabilistic::mztge484,eigen-dynamics-1.0.0,0,probabilistic,2026-09-12 23:44:13.21+00,110290,1206,72,2,4,#1E4438,15,square|small|vertical|orange,"{12,15,5,13}",1,2,5,square|large|vertical|blue,0,1,26,2,1,0,1,0,3,1,4,3,
69d2faf2b3fc6e823f34cd3c,69d2faf2b3fc6e823f34cd3c,6aa5e2a1421fd865aae66c6f,eigen-dynamics-1.0.0::69d2faf2b3fc6e823f34cd3c::probabilistic::mztge484,eigen-dynamics-1.0.0,0,probabilistic,2026-09-12 23:44:14.451+00,111530,888,73,2,5,#1E4438,15,square|small|vertical|orange,"{9,8,15,6}",2,3,6,circle|small|vertical|blue,0,0,26,2,0,1,1,0,2,2,2,3,
69d2faf2b3fc6e823f34cd3c,69d2faf2b3fc6e823f34cd3c,6aa5e2a1421fd865aae66c6f,eigen-dynamics-1.0.0::69d2faf2b3fc6e823f34cd3c::probabilistic::mztge484,eigen-dynamics-1.0.0,0,probabilistic,2026-09-12 23:44:16.085+00,113165,1282,74,2,6,#1E4438,15,square|small|vertical|orange,"{12,15,8,13}",1,3,13,square|large|vertical|orange,0,0,26,1,1,0,1,1,2,1,3,4,
69d2faf2b3fc6e823f34cd3c,69d2faf2b3fc6e823f34cd3c,6aa5e2a1421fd865aae66c6f,eigen-dynamics-1.0.0::69d2faf2b3fc6e823f34cd3c::probabilistic::mztge484,eigen-dynamics-1.0.0,0,probabilistic,2026-09-12 23:44:17.526+00,114606,1088,75,2,7,#1E4438,15,square|small|vertical|orange,"{15,7,6,3}",0,1,7,square|small|vertical|blue,0,0,26,1,1,1,1,0,3,4,3,1,
69d2faf2b3fc6e823f34cd3c,69d2faf2b3fc6e823f34cd3c,6aa5e2a1421fd865aae66c6f,eigen-dynamics-1.0.0::69d2faf2b3fc6e823f34cd3c::probabilistic::mztge484,eigen-dynamics-1.0.0,0,probabilistic,2026-09-12 23:44:18.604+00,115683,725,76,2,8,#1E4438,15,square|small|vertical|orange,"{13,2,15,4}",2,3,4,circle|large|vertical|blue,0,1,27,3,0,0,1,0,2,2,3,2,
69d2faf2b3fc6e823f34cd3c,69d2faf2b3fc6e823f34cd3c,6aa5e2a1421fd865aae66c6f,eigen-dynamics-1.0.0::69d2faf2b3fc6e823f34cd3c::probabilistic::mztge484,eigen-dynamics-1.0.0,0,probabilistic,2026-09-12 23:44:19.553+00,116633,593,77,2,9,#1E4438,15,square|small|vertical|orange,"{1,15,0,6}",1,0,1,square|large|horizontal|blue,0,0,27,3,1,0,0,0,2,2,2,1,
69d2faf2b3fc6e823f34cd3c,69d2faf2b3fc6e823f34cd3c,6aa5e2a1421fd865aae66c6f,eigen-dynamics-1.0.0::69d2faf2b3fc6e823f34cd3c::probabilistic::mztge484,eigen-dynamics-1.0.0,0,probabilistic,2026-09-12 23:44:20.716+00,117796,812,78,2,10,#1E4438,15,square|small|vertical|orange,"{0,12,15,6}",2,3,6,circle|small|vertical|blue,0,0,27,2,0,1,1,0,1,2,3,2,
69d2faf2b3fc6e823f34cd3c,69d2faf2b3fc6e823f34cd3c,6aa5e2a1421fd865aae66c6f,eigen-dynamics-1.0.0::69d2faf2b3fc6e823f34cd3c::probabilistic::mztge484,eigen-dynamics-1.0.0,0,probabilistic,2026-09-12 23:44:22.186+00,119265,1108,79,2,11,#1E4438,15,square|small|vertical|orange,"{15,5,0,3}",0,1,5,square|large|vertical|blue,0,0,27,2,1,0,1,0,3,2,2,1,
69d2faf2b3fc6e823f34cd3c,69d2faf2b3fc6e823f34cd3c,6aa5e2a1421fd865aae66c6f,eigen-dynamics-1.0.0::69d2faf2b3fc6e823f34cd3c::probabilistic::mztge484,eigen-dynamics-1.0.0,0,probabilistic,2026-09-12 23:44:23.913+00,120992,1362,80,2,12,#1E4438,15,square|small|vertical|orange,"{15,6,1,8}",0,1,6,circle|small|vertical|blue,0,0,27,2,0,1,1,0,2,2,2,2,
69d2faf2b3fc6e823f34cd3c,69d2faf2b3fc6e823f34cd3c,6aa5e2a1421fd865aae66c6f,eigen-dynamics-1.0.0::69d2faf2b3fc6e823f34cd3c::probabilistic::mztge484,eigen-dynamics-1.0.0,0,probabilistic,2026-09-12 23:44:25.069+00,122148,797,81,2,13,#1E4438,15,square|small|vertical|orange,"{2,9,15,7}",2,2,15,square|small|vertical|orange,1,0,27,0,1,1,1,1,3,3,2,2,
69d2faf2b3fc6e823f34cd3c,69d2faf2b3fc6e823f34cd3c,6aa5e2a1421fd865aae66c6f,eigen-dynamics-1.0.0::69d2faf2b3fc6e823f34cd3c::probabilistic::mztge484,eigen-dynamics-1.0.0,0,probabilistic,2026-09-12 23:44:26.418+00,123497,997,82,2,14,#1E4438,15,square|small|vertical|orange,"{15,2,3,11}",0,3,11,square|small|horizontal|orange,0,1,28,1,1,1,0,1,3,4,1,2,
69d2faf2b3fc6e823f34cd3c,69d2faf2b3fc6e823f34cd3c,6aa5e2a1421fd865aae66c6f,eigen-dynamics-1.0.0::69d2faf2b3fc6e823f34cd3c::probabilistic::mztge484,eigen-dynamics-1.0.0,0,probabilistic,2026-09-12 23:44:27.638+00,124717,864,83,2,15,#1E4438,15,square|small|vertical|orange,"{11,15,0,4}",1,0,11,square|small|horizontal|orange,0,0,28,1,1,1,0,1,2,2,2,2,
69d2faf2b3fc6e823f34cd3c,69d2faf2b3fc6e823f34cd3c,6aa5e2a1421fd865aae66c6f,eigen-dynamics-1.0.0::69d2faf2b3fc6e823f34cd3c::probabilistic::mztge484,eigen-dynamics-1.0.0,0,probabilistic,2026-09-12 23:44:28.801+00,125880,805,84,2,16,#1E4438,15,square|small|vertical|orange,"{14,9,10,15}",3,1,9,square|large|horizontal|orange,0,1,29,2,1,0,0,1,2,3,2,4,
69d2faf2b3fc6e823f34cd3c,69d2faf2b3fc6e823f34cd3c,6aa5e2a1421fd865aae66c6f,eigen-dynamics-1.0.0::69d2faf2b3fc6e823f34cd3c::probabilistic::mztge484,eigen-dynamics-1.0.0,0,probabilistic,2026-09-12 23:44:30.149+00,127229,984,85,2,17,#1E4438,15,square|small|vertical|orange,"{15,4,13,9}",0,3,9,square|large|horizontal|orange,0,1,30,2,1,0,0,1,3,1,3,3,
69d2faf2b3fc6e823f34cd3c,69d2faf2b3fc6e823f34cd3c,6aa5e2a1421fd865aae66c6f,eigen-dynamics-1.0.0::69d2faf2b3fc6e823f34cd3c::probabilistic::mztge484,eigen-dynamics-1.0.0,0,probabilistic,2026-09-12 23:44:31.276+00,128356,775,86,2,18,#1E4438,15,square|small|vertical|orange,"{10,9,15,13}",2,1,9,square|large|horizontal|orange,0,1,31,2,1,0,0,1,3,2,2,4,
69d2faf2b3fc6e823f34cd3c,69d2faf2b3fc6e823f34cd3c,6aa5e2a1421fd865aae66c6f,eigen-dynamics-1.0.0::69d2faf2b3fc6e823f34cd3c::probabilistic::mztge484,eigen-dynamics-1.0.0,0,probabilistic,2026-09-12 23:44:32.468+00,129548,840,87,2,19,#1E4438,15,square|small|vertical|orange,"{9,13,15,4}",2,0,9,square|large|horizontal|orange,0,1,32,2,1,0,0,1,3,1,3,3,
69d2faf2b3fc6e823f34cd3c,69d2faf2b3fc6e823f34cd3c,6aa5e2a1421fd865aae66c6f,eigen-dynamics-1.0.0::69d2faf2b3fc6e823f34cd3c::probabilistic::mztge484,eigen-dynamics-1.0.0,0,probabilistic,2026-09-12 23:44:33.789+00,130868,966,88,2,20,#1E4438,15,square|small|vertical|orange,"{0,15,11,3}",1,2,11,square|small|horizontal|orange,0,1,33,1,1,1,0,1,3,3,1,2,
69d2faf2b3fc6e823f34cd3c,69d2faf2b3fc6e823f34cd3c,6aa5e2a1421fd865aae66c6f,eigen-dynamics-1.0.0::69d2faf2b3fc6e823f34cd3c::probabilistic::mztge484,eigen-dynamics-1.0.0,0,probabilistic,2026-09-12 23:44:34.941+00,132020,799,89,2,21,#1E4438,15,square|small|vertical|orange,"{4,9,0,15}",3,1,9,square|large|horizontal|orange,0,0,33,2,1,0,0,1,2,1,2,2,
69d2faf2b3fc6e823f34cd3c,69d2faf2b3fc6e823f34cd3c,6aa5e2a1421fd865aae66c6f,eigen-dynamics-1.0.0::69d2faf2b3fc6e823f34cd3c::probabilistic::mztge484,eigen-dynamics-1.0.0,0,probabilistic,2026-09-12 23:44:36.809+00,133888,1514,90,2,22,#1E4438,15,square|small|vertical|orange,"{10,0,15,4}",2,0,10,circle|small|horizontal|orange,0,0,33,2,0,1,0,1,1,2,2,2,
69d2faf2b3fc6e823f34cd3c,69d2faf2b3fc6e823f34cd3c,6aa5e2a1421fd865aae66c6f,eigen-dynamics-1.0.0::69d2faf2b3fc6e823f34cd3c::probabilistic::mztge484,eigen-dynamics-1.0.0,0,probabilistic,2026-09-12 23:44:38.485+00,135564,1309,91,2,23,#1E4438,15,square|small|vertical|orange,"{15,4,0,3}",0,3,3,square|small|horizontal|blue,0,0,33,2,1,1,0,0,2,2,2,1,
69d2faf2b3fc6e823f34cd3c,69d2faf2b3fc6e823f34cd3c,6aa5e2a1421fd865aae66c6f,eigen-dynamics-1.0.0::69d2faf2b3fc6e823f34cd3c::probabilistic::mztge484,eigen-dynamics-1.0.0,0,probabilistic,2026-09-12 23:44:40.634+00,137713,1797,92,2,24,#1E4438,15,square|small|vertical|orange,"{13,12,15,3}",2,3,3,square|small|horizontal|blue,0,0,33,2,1,1,0,0,3,2,3,3,
69d2faf2b3fc6e823f34cd3c,69d2faf2b3fc6e823f34cd3c,6aa5e2a1421fd865aae66c6f,eigen-dynamics-1.0.0::69d2faf2b3fc6e823f34cd3c::probabilistic::mztge484,eigen-dynamics-1.0.0,0,probabilistic,2026-09-12 23:44:42.526+00,139605,1534,93,2,25,#1E4438,15,square|small|vertical|orange,"{14,1,5,15}",3,1,1,square|large|horizontal|blue,0,1,34,3,1,0,0,0,3,2,3,2,
69d2faf2b3fc6e823f34cd3c,69d2faf2b3fc6e823f34cd3c,6aa5e2a1421fd865aae66c6f,eigen-dynamics-1.0.0::69d2faf2b3fc6e823f34cd3c::probabilistic::mztge484,eigen-dynamics-1.0.0,0,probabilistic,2026-09-12 23:44:45.687+00,142767,2801,94,2,26,#1E4438,15,square|small|vertical|orange,"{6,15,12,1}",1,3,1,square|large|horizontal|blue,0,0,34,3,1,0,0,0,2,2,3,2,
69d2faf2b3fc6e823f34cd3c,69d2faf2b3fc6e823f34cd3c,6aa5e2a1421fd865aae66c6f,eigen-dynamics-1.0.0::69d2faf2b3fc6e823f34cd3c::probabilistic::mztge484,eigen-dynamics-1.0.0,0,probabilistic,2026-09-12 23:44:47.127+00,144207,1080,95,2,27,#1E4438,15,square|small|vertical|orange,"{15,1,5,14}",0,1,1,square|large|horizontal|blue,0,1,35,3,1,0,0,0,3,2,3,2,
69d2faf2b3fc6e823f34cd3c,69d2faf2b3fc6e823f34cd3c,6aa5e2a1421fd865aae66c6f,eigen-dynamics-1.0.0::69d2faf2b3fc6e823f34cd3c::probabilistic::mztge484,eigen-dynamics-1.0.0,0,probabilistic,2026-09-12 23:44:48.919+00,145999,1425,96,2,28,#1E4438,15,square|small|vertical|orange,"{5,6,8,15}",3,2,8,circle|large|horizontal|orange,0,0,35,3,0,0,0,1,2,2,3,2,
69d2faf2b3fc6e823f34cd3c,69d2faf2b3fc6e823f34cd3c,6aa5e2a1421fd865aae66c6f,eigen-dynamics-1.0.0::69d2faf2b3fc6e823f34cd3c::probabilistic::mztge484,eigen-dynamics-1.0.0,0,probabilistic,2026-09-12 23:44:50.019+00,147098,746,97,2,29,#1E4438,15,square|small|vertical|orange,"{15,11,1,14}",0,1,11,square|small|horizontal|orange,0,0,35,1,1,1,0,1,3,3,2,3,
69d2faf2b3fc6e823f34cd3c,69d2faf2b3fc6e823f34cd3c,6aa5e2a1421fd865aae66c6f,eigen-dynamics-1.0.0::69d2faf2b3fc6e823f34cd3c::probabilistic::mztge484,eigen-dynamics-1.0.0,0,probabilistic,2026-09-12 23:44:51.025+00,148104,651,98,2,30,#1E4438,15,square|small|vertical|orange,"{15,9,7,3}",0,1,9,square|large|horizontal|orange,0,1,36,2,1,0,0,1,4,3,2,2,
69d2faf2b3fc6e823f34cd3c,69d2faf2b3fc6e823f34cd3c,6aa5e2a1421fd865aae66c6f,eigen-dynamics-1.0.0::69d2faf2b3fc6e823f34cd3c::probabilistic::mztge484,eigen-dynamics-1.0.0,0,probabilistic,2026-09-12 23:44:52.438+00,149518,1061,99,2,31,#1E4438,15,square|small|vertical|orange,"{14,6,15,2}",2,3,2,circle|small|horizontal|blue,0,0,36,3,0,1,0,0,1,4,3,2,
69d2faf2b3fc6e823f34cd3c,69d2faf2b3fc6e823f34cd3c,6aa5e2a1421fd865aae66c6f,eigen-dynamics-1.0.0::69d2faf2b3fc6e823f34cd3c::probabilistic::mztge484,eigen-dynamics-1.0.0,0,probabilistic,2026-09-12 23:44:54.229+00,151308,1435,100,2,32,#1E4438,15,square|small|vertical|orange,"{15,9,2,1}",0,1,9,square|large|horizontal|orange,0,0,36,2,1,0,0,1,3,2,1,2,
69d2faf2b3fc6e823f34cd3c,69d2faf2b3fc6e823f34cd3c,6aa5e2a1421fd865aae66c6f,eigen-dynamics-1.0.0::69d2faf2b3fc6e823f34cd3c::probabilistic::mztge484,eigen-dynamics-1.0.0,0,probabilistic,2026-09-12 23:44:55.564+00,152644,980,101,2,33,#1E4438,15,square|small|vertical|orange,"{2,15,14,13}",1,0,2,circle|small|horizontal|blue,0,0,36,3,0,1,0,0,2,3,3,3,
69d2faf2b3fc6e823f34cd3c,69d2faf2b3fc6e823f34cd3c,6aa5e2a1421fd865aae66c6f,eigen-dynamics-1.0.0::69d2faf2b3fc6e823f34cd3c::probabilistic::mztge484,eigen-dynamics-1.0.0,0,probabilistic,2026-09-12 23:44:56.72+00,153799,799,102,2,34,#1E4438,15,square|small|vertical|orange,"{1,12,15,14}",2,0,1,square|large|horizontal|blue,0,1,37,3,1,0,0,0,2,2,3,3,
69d2faf2b3fc6e823f34cd3c,69d2faf2b3fc6e823f34cd3c,6aa5e2a1421fd865aae66c6f,eigen-dynamics-1.0.0::69d2faf2b3fc6e823f34cd3c::probabilistic::mztge484,eigen-dynamics-1.0.0,0,probabilistic,2026-09-12 23:44:57.891+00,154970,816,103,2,35,#1E4438,15,square|small|vertical|orange,"{2,11,15,14}",2,1,11,square|small|horizontal|orange,0,0,37,1,1,1,0,1,2,4,2,3,
69d2faf2b3fc6e823f34cd3c,69d2faf2b3fc6e823f34cd3c,6aa5e2a1421fd865aae66c6f,eigen-dynamics-1.0.0::69d2faf2b3fc6e823f34cd3c::probabilistic::mztge484,eigen-dynamics-1.0.0,0,probabilistic,2026-09-12 23:44:58.876+00,155955,630,104,2,36,#1E4438,15,square|small|vertical|orange,"{15,6,4,12}",0,0,15,square|small|vertical|orange,1,1,38,0,1,1,1,1,1,2,4,2,
69d2faf2b3fc6e823f34cd3c,69d2faf2b3fc6e823f34cd3c,6aa5e2a1421fd865aae66c6f,eigen-dynamics-1.0.0::69d2faf2b3fc6e823f34cd3c::probabilistic::mztge484,eigen-dynamics-1.0.0,0,probabilistic,2026-09-12 23:45:00.375+00,157454,1143,105,2,37,#1E4438,15,square|small|vertical|orange,"{11,6,15,12}",2,0,11,square|small|horizontal|orange,0,0,38,1,1,1,0,1,2,3,3,3,
69d2faf2b3fc6e823f34cd3c,69d2faf2b3fc6e823f34cd3c,6aa5e2a1421fd865aae66c6f,eigen-dynamics-1.0.0::69d2faf2b3fc6e823f34cd3c::probabilistic::mztge484,eigen-dynamics-1.0.0,0,probabilistic,2026-09-12 23:45:02.128+00,159208,1389,106,2,38,#1E4438,15,square|small|vertical|orange,"{0,12,15,7}",2,0,0,circle|large|horizontal|blue,0,1,39,4,0,0,0,0,2,2,3,2,
69d2faf2b3fc6e823f34cd3c,69d2faf2b3fc6e823f34cd3c,6aa5e2a1421fd865aae66c6f,eigen-dynamics-1.0.0::69d2faf2b3fc6e823f34cd3c::probabilistic::mztge484,eigen-dynamics-1.0.0,0,probabilistic,2026-09-12 23:45:03.342+00,160422,861,107,2,39,#1E4438,15,square|small|vertical|orange,"{4,2,15,8}",2,1,2,circle|small|horizontal|blue,0,0,39,3,0,1,0,0,1,2,2,2,
69d2faf2b3fc6e823f34cd3c,69d2faf2b3fc6e823f34cd3c,6aa5e2a1421fd865aae66c6f,eigen-dynamics-1.0.0::69d2faf2b3fc6e823f34cd3c::probabilistic::mztge484,eigen-dynamics-1.0.0,0,probabilistic,2026-09-12 23:45:04.234+00,161313,540,108,2,40,#1E4438,15,square|small|vertical|orange,"{15,5,9,2}",0,3,2,circle|small|horizontal|blue,0,0,39,3,0,1,0,0,3,2,2,2,cap
69d2faf2b3fc6e823f34cd3c,69d2faf2b3fc6e823f34cd3c,6aa5e2a1421fd865aae66c6f,eigen-dynamics-1.0.0::69d2faf2b3fc6e823f34cd3c::probabilistic::mztge484,eigen-dynamics-1.0.0,0,probabilistic,2026-09-12 23:45:05.171+00,162250,584,109,3,1,#5A3A1E,4,circle|large|vertical|blue,"{8,9,4,12}",2,0,8,circle|large|horizontal|orange,0,0,39,2,1,1,0,0,3,4,2,1,
69d2faf2b3fc6e823f34cd3c,69d2faf2b3fc6e823f34cd3c,6aa5e2a1421fd865aae66c6f,eigen-dynamics-1.0.0::69d2faf2b3fc6e823f34cd3c::probabilistic::mztge484,eigen-dynamics-1.0.0,0,probabilistic,2026-09-12 23:45:06.689+00,163769,1160,110,3,2,#5A3A1E,4,circle|large|vertical|blue,"{4,13,5,11}",0,3,11,square|small|horizontal|orange,0,0,39,4,0,0,0,0,1,3,3,2,
69d2faf2b3fc6e823f34cd3c,69d2faf2b3fc6e823f34cd3c,6aa5e2a1421fd865aae66c6f,eigen-dynamics-1.0.0::69d2faf2b3fc6e823f34cd3c::probabilistic::mztge484,eigen-dynamics-1.0.0,0,probabilistic,2026-09-12 23:45:07.668+00,164747,620,111,3,3,#5A3A1E,4,circle|large|vertical|blue,"{4,9,5,14}",0,1,9,square|large|horizontal|orange,0,0,39,3,0,1,0,0,2,3,3,2,
69d2faf2b3fc6e823f34cd3c,69d2faf2b3fc6e823f34cd3c,6aa5e2a1421fd865aae66c6f,eigen-dynamics-1.0.0::69d2faf2b3fc6e823f34cd3c::probabilistic::mztge484,eigen-dynamics-1.0.0,0,probabilistic,2026-09-12 23:45:08.973+00,166053,947,112,3,4,#5A3A1E,4,circle|large|vertical|blue,"{4,9,3,6}",0,2,3,square|small|horizontal|blue,0,0,39,3,0,0,0,1,2,2,2,3,
69d2faf2b3fc6e823f34cd3c,69d2faf2b3fc6e823f34cd3c,6aa5e2a1421fd865aae66c6f,eigen-dynamics-1.0.0::69d2faf2b3fc6e823f34cd3c::probabilistic::mztge484,eigen-dynamics-1.0.0,0,probabilistic,2026-09-12 23:45:10.073+00,167153,742,113,3,5,#5A3A1E,4,circle|large|vertical|blue,"{14,1,4,10}",2,1,1,square|large|horizontal|blue,0,0,39,2,0,1,0,1,3,2,2,2,
69d2faf2b3fc6e823f34cd3c,69d2faf2b3fc6e823f34cd3c,6aa5e2a1421fd865aae66c6f,eigen-dynamics-1.0.0::69d2faf2b3fc6e823f34cd3c::probabilistic::mztge484,eigen-dynamics-1.0.0,0,probabilistic,2026-09-12 23:45:11.491+00,168570,1051,114,3,6,#5A3A1E,4,circle|large|vertical|blue,"{4,7,1,12}",0,2,1,square|large|horizontal|blue,0,0,39,2,0,1,0,1,2,3,3,3,
69d2faf2b3fc6e823f34cd3c,69d2faf2b3fc6e823f34cd3c,6aa5e2a1421fd865aae66c6f,eigen-dynamics-1.0.0::69d2faf2b3fc6e823f34cd3c::probabilistic::mztge484,eigen-dynamics-1.0.0,0,probabilistic,2026-09-12 23:45:12.619+00,169698,770,115,3,7,#5A3A1E,4,circle|large|vertical|blue,"{4,11,10,0}",0,1,11,square|small|horizontal|orange,0,0,39,4,0,0,0,0,3,2,1,2,
69d2faf2b3fc6e823f34cd3c,69d2faf2b3fc6e823f34cd3c,6aa5e2a1421fd865aae66c6f,eigen-dynamics-1.0.0::69d2faf2b3fc6e823f34cd3c::probabilistic::mztge484,eigen-dynamics-1.0.0,0,probabilistic,2026-09-12 23:45:13.689+00,170768,714,116,3,8,#5A3A1E,4,circle|large|vertical|blue,"{13,4,1,10}",1,3,10,circle|small|horizontal|orange,0,0,39,3,1,0,0,0,2,3,2,2,
69d2faf2b3fc6e823f34cd3c,69d2faf2b3fc6e823f34cd3c,6aa5e2a1421fd865aae66c6f,eigen-dynamics-1.0.0::69d2faf2b3fc6e823f34cd3c::probabilistic::mztge484,eigen-dynamics-1.0.0,0,probabilistic,2026-09-12 23:45:15.33+00,172410,1284,117,3,9,#5A3A1E,4,circle|large|vertical|blue,"{7,4,15,13}",1,2,15,square|small|vertical|orange,0,0,39,3,0,0,1,0,1,2,4,2,
69d2faf2b3fc6e823f34cd3c,69d2faf2b3fc6e823f34cd3c,6aa5e2a1421fd865aae66c6f,eigen-dynamics-1.0.0::69d2faf2b3fc6e823f34cd3c::probabilistic::mztge484,eigen-dynamics-1.0.0,0,probabilistic,2026-09-12 23:45:16.094+00,173174,401,118,3,10,#5A3A1E,4,circle|large|vertical|blue,"{4,13,14,2}",0,3,2,circle|small|horizontal|blue,0,0,39,2,1,0,0,1,3,2,3,2,
69d2faf2b3fc6e823f34cd3c,69d2faf2b3fc6e823f34cd3c,6aa5e2a1421fd865aae66c6f,eigen-dynamics-1.0.0::69d2faf2b3fc6e823f34cd3c::probabilistic::mztge484,eigen-dynamics-1.0.0,0,probabilistic,2026-09-12 23:45:16.829+00,173909,376,119,3,11,#5A3A1E,4,circle|large|vertical|blue,"{4,3,15,6}",0,1,3,square|small|horizontal|blue,0,0,39,3,0,0,0,1,2,1,3,3,
69d2faf2b3fc6e823f34cd3c,69d2faf2b3fc6e823f34cd3c,6aa5e2a1421fd865aae66c6f,eigen-dynamics-1.0.0::69d2faf2b3fc6e823f34cd3c::probabilistic::mztge484,eigen-dynamics-1.0.0,0,probabilistic,2026-09-12 23:45:17.601+00,174680,419,120,3,12,#5A3A1E,4,circle|large|vertical|blue,"{13,4,14,6}",1,0,13,square|large|vertical|orange,0,0,39,2,0,1,1,0,3,2,4,2,
69d2faf2b3fc6e823f34cd3c,69d2faf2b3fc6e823f34cd3c,6aa5e2a1421fd865aae66c6f,eigen-dynamics-1.0.0::69d2faf2b3fc6e823f34cd3c::probabilistic::mztge484,eigen-dynamics-1.0.0,0,probabilistic,2026-09-12 23:45:18.55+00,175629,595,121,3,13,#5A3A1E,4,circle|large|vertical|blue,"{12,4,3,1}",1,1,4,circle|large|vertical|blue,1,1,40,0,1,1,1,1,2,3,2,3,
69d2faf2b3fc6e823f34cd3c,69d2faf2b3fc6e823f34cd3c,6aa5e2a1421fd865aae66c6f,eigen-dynamics-1.0.0::69d2faf2b3fc6e823f34cd3c::probabilistic::mztge484,eigen-dynamics-1.0.0,0,probabilistic,2026-09-12 23:45:19.47+00,176549,567,122,3,14,#5A3A1E,4,circle|large|vertical|blue,"{11,4,12,8}",1,1,4,circle|large|vertical|blue,1,1,41,0,1,1,1,1,3,3,2,1,
69d2faf2b3fc6e823f34cd3c,69d2faf2b3fc6e823f34cd3c,6aa5e2a1421fd865aae66c6f,eigen-dynamics-1.0.0::69d2faf2b3fc6e823f34cd3c::probabilistic::mztge484,eigen-dynamics-1.0.0,0,probabilistic,2026-09-12 23:45:20.753+00,177833,931,123,3,15,#5A3A1E,4,circle|large|vertical|blue,"{8,0,4,11}",2,2,4,circle|large|vertical|blue,1,1,42,0,1,1,1,1,3,3,1,2,
69d2faf2b3fc6e823f34cd3c,69d2faf2b3fc6e823f34cd3c,6aa5e2a1421fd865aae66c6f,eigen-dynamics-1.0.0::69d2faf2b3fc6e823f34cd3c::probabilistic::mztge484,eigen-dynamics-1.0.0,0,probabilistic,2026-09-12 23:45:22.116+00,179195,995,124,3,16,#5A3A1E,4,circle|large|vertical|blue,"{10,0,1,4}",3,3,4,circle|large|vertical|blue,1,1,43,0,1,1,1,1,3,3,1,3,criterion
69d2faf2b3fc6e823f34cd3c,69d2faf2b3fc6e823f34cd3c,6aa5e2a1421fd865aae66c6f,eigen-dynamics-1.0.0::69d2faf2b3fc6e823f34cd3c::probabilistic::mztge484,eigen-dynamics-1.0.0,0,probabilistic,2026-09-12 23:45:24.699+00,181778,2224,125,4,1,#3B2E5A,9,square|large|horizontal|orange,"{14,6,9,4}",2,1,6,circle|small|vertical|blue,0,0,43,4,0,0,0,0,1,2,1,2,
69e8ee688a0ce9cb3916937d,69e8ee688a0ce9cb3916937d,6aa5e2a1421fd865aae66c6f,eigen-dynamics-1.0.0::69e8ee688a0ce9cb3916937d::probabilistic::13bxm9gz,eigen-dynamics-1.0.0,0,probabilistic,2026-09-12 23:42:36.548+00,0,25112,0,0,1,#1F3A5F,4,circle|large|vertical|blue,"{7,4,9,12}",1,0,7,square|small|vertical|blue,0,0,0,2,0,0,1,1,2,3,3,2,
69e8ee688a0ce9cb3916937d,69e8ee688a0ce9cb3916937d,6aa5e2a1421fd865aae66c6f,eigen-dynamics-1.0.0::69e8ee688a0ce9cb3916937d::probabilistic::13bxm9gz,eigen-dynamics-1.0.0,0,probabilistic,2026-09-12 23:42:38.852+00,2304,1948,1,0,2,#1F3A5F,4,circle|large|vertical|blue,"{0,15,1,4}",3,1,15,square|small|vertical|orange,0,1,1,3,0,0,1,0,2,3,2,3,
69e8ee688a0ce9cb3916937d,69e8ee688a0ce9cb3916937d,6aa5e2a1421fd865aae66c6f,eigen-dynamics-1.0.0::69e8ee688a0ce9cb3916937d::probabilistic::13bxm9gz,eigen-dynamics-1.0.0,0,probabilistic,2026-09-12 23:42:41.028+00,4480,1820,2,0,3,#1F3A5F,4,circle|large|vertical|blue,"{4,14,1,10}",0,1,14,circle|small|vertical|orange,0,0,1,2,1,0,1,0,3,2,2,2,
69e8ee688a0ce9cb3916937d,69e8ee688a0ce9cb3916937d,6aa5e2a1421fd865aae66c6f,eigen-dynamics-1.0.0::69e8ee688a0ce9cb3916937d::probabilistic::13bxm9gz,eigen-dynamics-1.0.0,0,probabilistic,2026-09-12 23:42:42.876+00,6329,1491,3,0,4,#1F3A5F,4,circle|large|vertical|blue,"{14,1,4,2}",2,0,14,circle|small|vertical|orange,0,0,1,2,1,0,1,0,3,2,2,3,
69e8ee688a0ce9cb3916937d,69e8ee688a0ce9cb3916937d,6aa5e2a1421fd865aae66c6f,eigen-dynamics-1.0.0::69e8ee688a0ce9cb3916937d::probabilistic::13bxm9gz,eigen-dynamics-1.0.0,0,probabilistic,2026-09-12 23:42:45.755+00,9208,2514,4,0,5,#1F3A5F,4,circle|large|vertical|blue,"{14,5,4,12}",2,1,5,square|large|vertical|blue,0,0,1,1,0,1,1,1,3,3,4,2,
69e8ee688a0ce9cb3916937d,69e8ee688a0ce9cb3916937d,6aa5e2a1421fd865aae66c6f,eigen-dynamics-1.0.0::69e8ee688a0ce9cb3916937d::probabilistic::13bxm9gz,eigen-dynamics-1.0.0,0,probabilistic,2026-09-12 23:42:48.403+00,11856,2287,5,0,6,#1F3A5F,4,circle|large|vertical|blue,"{15,1,4,5}",2,1,1,square|large|horizontal|blue,0,1,2,2,0,1,0,1,1,3,3,3,
69e8ee688a0ce9cb3916937d,69e8ee688a0ce9cb3916937d,6aa5e2a1421fd865aae66c6f,eigen-dynamics-1.0.0::69e8ee688a0ce9cb3916937d::probabilistic::13bxm9gz,eigen-dynamics-1.0.0,0,probabilistic,2026-09-12 23:42:49.716+00,13168,952,6,0,7,#1F3A5F,4,circle|large|vertical|blue,"{4,5,8,1}",0,2,8,circle|large|horizontal|orange,0,1,3,2,1,1,0,0,2,4,2,3,
69e8ee688a0ce9cb3916937d,69e8ee688a0ce9cb3916937d,6aa5e2a1421fd865aae66c6f,eigen-dynamics-1.0.0::69e8ee688a0ce9cb3916937d::probabilistic::13bxm9gz,eigen-dynamics-1.0.0,0,probabilistic,2026-09-12 23:42:50.795+00,14248,727,7,0,8,#1F3A5F,4,circle|large|vertical|blue,"{1,11,4,5}",2,1,11,square|small|horizontal|orange,0,0,3,4,0,0,0,0,1,3,2,3,
69e8ee688a0ce9cb3916937d,69e8ee688a0ce9cb3916937d,6aa5e2a1421fd865aae66c6f,eigen-dynamics-1.0.0::69e8ee688a0ce9cb3916937d::probabilistic::13bxm9gz,eigen-dynamics-1.0.0,0,probabilistic,2026-09-12 23:42:53.627+00,17080,2480,8,0,9,#1F3A5F,4,circle|large|vertical|blue,"{3,11,4,1}",2,0,3,square|small|horizontal|blue,0,1,4,3,0,0,0,1,1,2,1,3,
69e8ee688a0ce9cb3916937d,69e8ee688a0ce9cb3916937d,6aa5e2a1421fd865aae66c6f,eigen-dynamics-1.0.0::69e8ee688a0ce9cb3916937d::probabilistic::13bxm9gz,eigen-dynamics-1.0.0,0,probabilistic,2026-09-12 23:42:57.62+00,21072,3632,9,0,10,#1F3A5F,4,circle|large|vertical|blue,"{7,13,4,12}",2,0,7,square|small|vertical|blue,0,0,4,2,0,0,1,1,2,3,4,2,
69e8ee688a0ce9cb3916937d,69e8ee688a0ce9cb3916937d,6aa5e2a1421fd865aae66c6f,eigen-dynamics-1.0.0::69e8ee688a0ce9cb3916937d::probabilistic::13bxm9gz,eigen-dynamics-1.0.0,0,probabilistic,2026-09-12 23:42:59.491+00,22944,1506,10,0,11,#1F3A5F,4,circle|large|vertical|blue,"{14,13,1,4}",3,2,1,square|large|horizontal|blue,0,0,4,2,0,1,0,1,2,3,3,2,
69e8ee688a0ce9cb3916937d,69e8ee688a0ce9cb3916937d,6aa5e2a1421fd865aae66c6f,eigen-dynamics-1.0.0::69e8ee688a0ce9cb3916937d::probabilistic::13bxm9gz,eigen-dynamics-1.0.0,0,probabilistic,2026-09-12 23:43:00.812+00,24265,956,11,0,12,#1F3A5F,4,circle|large|vertical|blue,"{14,11,3,4}",3,3,4,circle|large|vertical|blue,1,1,5,0,1,1,1,1,2,1,2,2,
69e8ee688a0ce9cb3916937d,69e8ee688a0ce9cb3916937d,6aa5e2a1421fd865aae66c6f,eigen-dynamics-1.0.0::69e8ee688a0ce9cb3916937d::probabilistic::13bxm9gz,eigen-dynamics-1.0.0,0,probabilistic,2026-09-12 23:43:02.027+00,25480,859,12,0,13,#1F3A5F,4,circle|large|vertical|blue,"{4,9,10,13}",0,0,4,circle|large|vertical|blue,1,1,6,0,1,1,1,1,2,3,2,1,
69e8ee688a0ce9cb3916937d,69e8ee688a0ce9cb3916937d,6aa5e2a1421fd865aae66c6f,eigen-dynamics-1.0.0::69e8ee688a0ce9cb3916937d::probabilistic::13bxm9gz,eigen-dynamics-1.0.0,0,probabilistic,2026-09-12 23:43:03.243+00,26696,862,13,0,14,#1F3A5F,4,circle|large|vertical|blue,"{13,4,15,6}",1,1,4,circle|large|vertical|blue,1,1,7,0,1,1,1,1,2,2,4,2,
69e8ee688a0ce9cb3916937d,69e8ee688a0ce9cb3916937d,6aa5e2a1421fd865aae66c6f,eigen-dynamics-1.0.0::69e8ee688a0ce9cb3916937d::probabilistic::13bxm9gz,eigen-dynamics-1.0.0,0,probabilistic,2026-09-12 23:43:04.283+00,27736,689,14,0,15,#1F3A5F,4,circle|large|vertical|blue,"{7,4,9,1}",1,1,4,circle|large|vertical|blue,1,1,8,0,1,1,1,1,1,3,2,3,criterion
69e8ee688a0ce9cb3916937d,69e8ee688a0ce9cb3916937d,6aa5e2a1421fd865aae66c6f,eigen-dynamics-1.0.0::69e8ee688a0ce9cb3916937d::probabilistic::13bxm9gz,eigen-dynamics-1.0.0,0,probabilistic,2026-09-12 23:43:06.932+00,30384,2296,15,1,1,#4A2C4D,3,square|small|horizontal|blue,"{3,9,8,2}",0,3,2,circle|small|horizontal|blue,0,0,8,1,0,1,1,1,2,2,4,2,
69e8ee688a0ce9cb3916937d,69e8ee688a0ce9cb3916937d,6aa5e2a1421fd865aae66c6f,eigen-dynamics-1.0.0::69e8ee688a0ce9cb3916937d::probabilistic::13bxm9gz,eigen-dynamics-1.0.0,0,probabilistic,2026-09-12 23:43:09.628+00,33080,2337,16,1,2,#4A2C4D,3,square|small|horizontal|blue,"{2,10,13,3}",3,1,10,circle|small|horizontal|orange,0,0,8,2,0,1,1,0,2,3,3,2,
69e8ee688a0ce9cb3916937d,69e8ee688a0ce9cb3916937d,6aa5e2a1421fd865aae66c6f,eigen-dynamics-1.0.0::69e8ee688a0ce9cb3916937d::probabilistic::13bxm9gz,eigen-dynamics-1.0.0,0,probabilistic,2026-09-12 23:43:11.412+00,34864,1434,17,1,3,#4A2C4D,3,square|small|horizontal|blue,"{7,3,10,11}",1,3,11,square|small|horizontal|orange,0,0,8,1,1,1,1,0,3,4,3,2,
69e8ee688a0ce9cb3916937d,69e8ee688a0ce9cb3916937d,6aa5e2a1421fd865aae66c6f,eigen-dynamics-1.0.0::69e8ee688a0ce9cb3916937d::probabilistic::13bxm9gz,eigen-dynamics-1.0.0,0,probabilistic,2026-09-12 23:43:13.437+00,36889,1667,18,1,4,#4A2C4D,3,square|small|horizontal|blue,"{14,15,11,3}",3,3,3,square|small|horizontal|blue,1,1,9,0,1,1,1,1,3,4,2,1,
69e8ee688a0ce9cb3916937d,69e8ee688a0ce9cb3916937d,6aa5e2a1421fd865aae66c6f,eigen-dynamics-1.0.0::69e8ee688a0ce9cb3916937d::probabilistic::13bxm9gz,eigen-dynamics-1.0.0,0,probabilistic,2026-09-12 23:43:14.435+00,37888,645,19,1,5,#4A2C4D,3,square|small|horizontal|blue,"{0,1,11,3}",3,3,3,square|small|horizontal|blue,1,1,10,0,1,1,1,1,3,2,4,3,
69e8ee688a0ce9cb3916937d,69e8ee688a0ce9cb3916937d,6aa5e2a1421fd865aae66c6f,eigen-dynamics-1.0.0::69e8ee688a0ce9cb3916937d::probabilistic::13bxm9gz,eigen-dynamics-1.0.0,0,probabilistic,2026-09-12 23:43:16.395+00,39848,1603,20,1,6,#4A2C4D,3,square|small|horizontal|blue,"{10,3,9,1}",1,1,3,square|small|horizontal|blue,1,0,10,0,1,1,1,1,3,2,4,2,
69e8ee688a0ce9cb3916937d,69e8ee688a0ce9cb3916937d,6aa5e2a1421fd865aae66c6f,eigen-dynamics-1.0.0::69e8ee688a0ce9cb3916937d::probabilistic::13bxm9gz,eigen-dynamics-1.0.0,0,probabilistic,2026-09-12 23:43:18.931+00,42384,2170,21,1,7,#4A2C4D,3,square|small|horizontal|blue,"{15,3,0,9}",1,1,3,square|small|horizontal|blue,1,1,11,0,1,1,1,1,3,2,3,2,criterion
69e8ee688a0ce9cb3916937d,69e8ee688a0ce9cb3916937d,6aa5e2a1421fd865aae66c6f,eigen-dynamics-1.0.0::69e8ee688a0ce9cb3916937d::probabilistic::13bxm9gz,eigen-dynamics-1.0.0,0,probabilistic,2026-09-12 23:43:22.196+00,45648,2914,22,2,1,#1E4438,9,square|large|horizontal|orange,"{4,9,1,14}",1,0,4,circle|large|vertical|blue,0,0,11,3,0,1,0,0,2,3,2,2,
69e8ee688a0ce9cb3916937d,69e8ee688a0ce9cb3916937d,6aa5e2a1421fd865aae66c6f,eigen-dynamics-1.0.0::69e8ee688a0ce9cb3916937d::probabilistic::13bxm9gz,eigen-dynamics-1.0.0,0,probabilistic,2026-09-12 23:43:25.62+00,49072,3061,23,2,2,#1E4438,9,square|large|horizontal|orange,"{9,2,14,13}",0,0,9,square|large|horizontal|orange,1,1,12,0,1,1,1,1,2,2,2,3,
69e8ee688a0ce9cb3916937d,69e8ee688a0ce9cb3916937d,6aa5e2a1421fd865aae66c6f,eigen-dynamics-1.0.0::69e8ee688a0ce9cb3916937d::probabilistic::13bxm9gz,eigen-dynamics-1.0.0,0,probabilistic,2026-09-12 23:43:26.635+00,50088,654,24,2,3,#1E4438,9,square|large|horizontal|orange,"{9,4,14,10}",0,0,9,square|large|horizontal|orange,1,1,13,0,1,1,1,1,1,2,2,3,
69e8ee688a0ce9cb3916937d,69e8ee688a0ce9cb3916937d,6aa5e2a1421fd865aae66c6f,eigen-dynamics-1.0.0::69e8ee688a0ce9cb3916937d::probabilistic::13bxm9gz,eigen-dynamics-1.0.0,0,probabilistic,2026-09-12 23:43:27.739+00,51192,744,25,2,4,#1E4438,9,square|large|horizontal|orange,"{0,14,15,9}",3,3,9,square|large|horizontal|orange,1,1,14,0,1,1,1,1,2,2,2,3,
69e8ee688a0ce9cb3916937d,69e8ee688a0ce9cb3916937d,6aa5e2a1421fd865aae66c6f,eigen-dynamics-1.0.0::69e8ee688a0ce9cb3916937d::probabilistic::13bxm9gz,eigen-dynamics-1.0.0,0,probabilistic,2026-09-12 23:43:28.772+00,52224,670,26,2,5,#1E4438,9,square|large|horizontal|orange,"{14,8,1,9}",3,3,9,square|large|horizontal|orange,1,1,15,0,1,1,1,1,2,3,3,3,
69e8ee688a0ce9cb3916937d,69e8ee688a0ce9cb3916937d,6aa5e2a1421fd865aae66c6f,eigen-dynamics-1.0.0::69e8ee688a0ce9cb3916937d::probabilistic::13bxm9gz,eigen-dynamics-1.0.0,0,probabilistic,2026-09-12 23:43:29.948+00,53400,819,27,2,6,#1E4438,9,square|large|horizontal|orange,"{14,9,6,12}",1,1,9,square|large|horizontal|orange,1,1,16,0,1,1,1,1,1,2,1,3,criterion
69e8ee688a0ce9cb3916937d,69e8ee688a0ce9cb3916937d,6aa5e2a1421fd865aae66c6f,eigen-dynamics-1.0.0::69e8ee688a0ce9cb3916937d::probabilistic::13bxm9gz,eigen-dynamics-1.0.0,0,probabilistic,2026-09-12 23:43:33.035+00,56488,2723,28,3,1,#5A3A1E,2,circle|small|horizontal|blue,"{6,15,2,4}",2,2,2,circle|small|horizontal|blue,1,1,17,0,1,1,1,1,3,3,1,3,
69e8ee688a0ce9cb3916937d,69e8ee688a0ce9cb3916937d,6aa5e2a1421fd865aae66c6f,eigen-dynamics-1.0.0::69e8ee688a0ce9cb3916937d::probabilistic::13bxm9gz,eigen-dynamics-1.0.0,0,probabilistic,2026-09-12 23:43:34.347+00,57800,961,29,3,2,#5A3A1E,2,circle|small|horizontal|blue,"{2,9,8,6}",0,0,2,circle|small|horizontal|blue,1,1,18,0,1,1,1,1,3,2,3,2,
69e8ee688a0ce9cb3916937d,69e8ee688a0ce9cb3916937d,6aa5e2a1421fd865aae66c6f,eigen-dynamics-1.0.0::69e8ee688a0ce9cb3916937d::probabilistic::13bxm9gz,eigen-dynamics-1.0.0,0,probabilistic,2026-09-12 23:43:35.307+00,58760,609,30,3,3,#5A3A1E,2,circle|small|horizontal|blue,"{15,2,11,14}",1,1,2,circle|small|horizontal|blue,1,0,18,0,1,1,1,1,2,4,2,1,
69e8ee688a0ce9cb3916937d,69e8ee688a0ce9cb3916937d,6aa5e2a1421fd865aae66c6f,eigen-dynamics-1.0.0::69e8ee688a0ce9cb3916937d::probabilistic::13bxm9gz,eigen-dynamics-1.0.0,0,probabilistic,2026-09-12 23:43:38.363+00,61816,2701,31,3,4,#5A3A1E,2,circle|small|horizontal|blue,"{1,4,2,13}",2,1,4,circle|large|vertical|blue,0,0,18,2,1,0,0,1,2,1,2,3,
69e8ee688a0ce9cb3916937d,69e8ee688a0ce9cb3916937d,6aa5e2a1421fd865aae66c6f,eigen-dynamics-1.0.0::69e8ee688a0ce9cb3916937d::probabilistic::13bxm9gz,eigen-dynamics-1.0.0,0,probabilistic,2026-09-12 23:43:39.643+00,63096,922,32,3,5,#5A3A1E,2,circle|small|horizontal|blue,"{1,8,7,2}",3,3,2,circle|small|horizontal|blue,1,0,18,0,1,1,1,1,2,2,3,3,
69e8ee688a0ce9cb3916937d,69e8ee688a0ce9cb3916937d,6aa5e2a1421fd865aae66c6f,eigen-dynamics-1.0.0::69e8ee688a0ce9cb3916937d::probabilistic::13bxm9gz,eigen-dynamics-1.0.0,0,probabilistic,2026-09-12 23:43:42.388+00,65841,2389,33,3,6,#5A3A1E,2,circle|small|horizontal|blue,"{2,10,3,4}",0,3,4,circle|large|vertical|blue,0,0,18,2,1,0,0,1,3,3,3,3,
69e8ee688a0ce9cb3916937d,69e8ee688a0ce9cb3916937d,6aa5e2a1421fd865aae66c6f,eigen-dynamics-1.0.0::69e8ee688a0ce9cb3916937d::probabilistic::13bxm9gz,eigen-dynamics-1.0.0,0,probabilistic,2026-09-12 23:43:44.403+00,67856,1664,34,3,7,#5A3A1E,2,circle|small|horizontal|blue,"{15,14,2,13}",2,3,13,square|large|vertical|orange,0,1,19,4,0,0,0,0,2,3,1,1,
69e8ee688a0ce9cb3916937d,69e8ee688a0ce9cb3916937d,6aa5e2a1421fd865aae66c6f,eigen-dynamics-1.0.0::69e8ee688a0ce9cb3916937d::probabilistic::13bxm9gz,eigen-dynamics-1.0.0,0,probabilistic,2026-09-12 23:43:47.436+00,70888,2673,35,3,8,#5A3A1E,2,circle|small|horizontal|blue,"{0,2,8,1}",1,2,8,circle|large|horizontal|orange,0,0,19,2,1,0,1,0,3,1,4,3,
69e8ee688a0ce9cb3916937d,69e8ee688a0ce9cb3916937d,6aa5e2a1421fd865aae66c6f,eigen-dynamics-1.0.0::69e8ee688a0ce9cb3916937d::probabilistic::13bxm9gz,eigen-dynamics-1.0.0,0,probabilistic,2026-09-12 23:43:51.675+00,75128,3888,36,3,9,#5A3A1E,2,circle|small|horizontal|blue,"{3,12,0,2}",3,1,12,circle|large|vertical|orange,0,1,20,3,1,0,0,0,3,2,3,3,
69e8ee688a0ce9cb3916937d,69e8ee688a0ce9cb3916937d,6aa5e2a1421fd865aae66c6f,eigen-dynamics-1.0.0::69e8ee688a0ce9cb3916937d::probabilistic::13bxm9gz,eigen-dynamics-1.0.0,0,probabilistic,2026-09-12 23:43:52.772+00,76224,740,37,3,10,#5A3A1E,2,circle|small|horizontal|blue,"{12,9,1,2}",3,0,12,circle|large|vertical|orange,0,1,21,3,1,0,0,0,2,1,3,2,
69e8ee688a0ce9cb3916937d,69e8ee688a0ce9cb3916937d,6aa5e2a1421fd865aae66c6f,eigen-dynamics-1.0.0::69e8ee688a0ce9cb3916937d::probabilistic::13bxm9gz,eigen-dynamics-1.0.0,0,probabilistic,2026-09-12 23:43:53.98+00,77432,858,38,3,11,#5A3A1E,2,circle|small|horizontal|blue,"{5,15,14,2}",3,2,14,circle|small|vertical|orange,0,0,21,2,1,1,0,0,2,3,1,2,
69e8ee688a0ce9cb3916937d,69e8ee688a0ce9cb3916937d,6aa5e2a1421fd865aae66c6f,eigen-dynamics-1.0.0::69e8ee688a0ce9cb3916937d::probabilistic::13bxm9gz,eigen-dynamics-1.0.0,0,probabilistic,2026-09-12 23:43:55.644+00,79096,1309,39,3,12,#5A3A1E,2,circle|small|horizontal|blue,"{7,9,2,13}",2,3,13,square|large|vertical|orange,0,0,21,4,0,0,0,0,1,2,2,2,
69e8ee688a0ce9cb3916937d,69e8ee688a0ce9cb3916937d,6aa5e2a1421fd865aae66c6f,eigen-dynamics-1.0.0::69e8ee688a0ce9cb3916937d::probabilistic::13bxm9gz,eigen-dynamics-1.0.0,0,probabilistic,2026-09-12 23:43:57.403+00,80856,1406,40,3,13,#5A3A1E,2,circle|small|horizontal|blue,"{12,14,2,15}",2,0,12,circle|large|vertical|orange,0,1,22,3,1,0,0,0,3,3,1,1,
69e8ee688a0ce9cb3916937d,69e8ee688a0ce9cb3916937d,6aa5e2a1421fd865aae66c6f,eigen-dynamics-1.0.0::69e8ee688a0ce9cb3916937d::probabilistic::13bxm9gz,eigen-dynamics-1.0.0,0,probabilistic,2026-09-12 23:43:59.316+00,82768,1562,41,3,14,#5A3A1E,2,circle|small|horizontal|blue,"{15,0,2,4}",2,3,4,circle|large|vertical|blue,0,0,22,2,1,0,0,1,3,2,2,3,
69e8ee688a0ce9cb3916937d,69e8ee688a0ce9cb3916937d,6aa5e2a1421fd865aae66c6f,eigen-dynamics-1.0.0::69e8ee688a0ce9cb3916937d::probabilistic::13bxm9gz,eigen-dynamics-1.0.0,0,probabilistic,2026-09-12 23:44:01.556+00,85008,1878,42,3,15,#5A3A1E,2,circle|small|horizontal|blue,"{2,8,3,13}",0,1,8,circle|large|horizontal|orange,0,1,23,2,1,0,1,0,2,2,3,2,
69e8ee688a0ce9cb3916937d,69e8ee688a0ce9cb3916937d,6aa5e2a1421fd865aae66c6f,eigen-dynamics-1.0.0::69e8ee688a0ce9cb3916937d::probabilistic::13bxm9gz,eigen-dynamics-1.0.0,0,probabilistic,2026-09-12 23:44:02.507+00,85960,595,43,3,16,#5A3A1E,2,circle|small|horizontal|blue,"{2,10,7,6}",0,1,10,circle|small|horizontal|orange,0,0,23,1,1,1,1,0,3,4,2,3,
69e8ee688a0ce9cb3916937d,69e8ee688a0ce9cb3916937d,6aa5e2a1421fd865aae66c6f,eigen-dynamics-1.0.0::69e8ee688a0ce9cb3916937d::probabilistic::13bxm9gz,eigen-dynamics-1.0.0,0,probabilistic,2026-09-12 23:44:05.188+00,88640,2323,44,3,17,#5A3A1E,2,circle|small|horizontal|blue,"{0,2,15,11}",1,3,11,square|small|horizontal|orange,0,1,24,2,0,1,1,0,2,3,3,2,
69e8ee688a0ce9cb3916937d,69e8ee688a0ce9cb3916937d,6aa5e2a1421fd865aae66c6f,eigen-dynamics-1.0.0::69e8ee688a0ce9cb3916937d::probabilistic::13bxm9gz,eigen-dynamics-1.0.0,0,probabilistic,2026-09-12 23:44:06.691+00,90144,1149,45,3,18,#5A3A1E,2,circle|small|horizontal|blue,"{9,2,14,4}",1,0,9,square|large|horizontal|orange,0,0,24,3,0,0,1,0,3,2,2,2,
69e8ee688a0ce9cb3916937d,69e8ee688a0ce9cb3916937d,6aa5e2a1421fd865aae66c6f,eigen-dynamics-1.0.0::69e8ee688a0ce9cb3916937d::probabilistic::13bxm9gz,eigen-dynamics-1.0.0,0,probabilistic,2026-09-12 23:44:09.444+00,92896,2402,46,3,19,#5A3A1E,2,circle|small|horizontal|blue,"{0,14,6,2}",3,0,0,circle|large|horizontal|blue,0,0,24,1,1,0,1,1,4,3,2,3,
69e8ee688a0ce9cb3916937d,69e8ee688a0ce9cb3916937d,6aa5e2a1421fd865aae66c6f,eigen-dynamics-1.0.0::69e8ee688a0ce9cb3916937d::probabilistic::13bxm9gz,eigen-dynamics-1.0.0,0,probabilistic,2026-09-12 23:44:11.348+00,94801,1553,47,3,20,#5A3A1E,2,circle|small|horizontal|blue,"{2,10,4,6}",0,3,6,circle|small|vertical|blue,0,1,25,1,1,1,0,1,4,3,2,3,
69e8ee688a0ce9cb3916937d,69e8ee688a0ce9cb3916937d,6aa5e2a1421fd865aae66c6f,eigen-dynamics-1.0.0::69e8ee688a0ce9cb3916937d::probabilistic::13bxm9gz,eigen-dynamics-1.0.0,0,probabilistic,2026-09-12 23:44:12.403+00,95856,691,48,3,21,#5A3A1E,2,circle|small|horizontal|blue,"{5,1,2,6}",2,3,6,circle|small|vertical|blue,0,1,26,1,1,1,0,1,2,2,2,4,
69e8ee688a0ce9cb3916937d,69e8ee688a0ce9cb3916937d,6aa5e2a1421fd865aae66c6f,eigen-dynamics-1.0.0::69e8ee688a0ce9cb3916937d::probabilistic::13bxm9gz,eigen-dynamics-1.0.0,0,probabilistic,2026-09-12 23:44:13.604+00,97056,847,49,3,22,#5A3A1E,2,circle|small|horizontal|blue,"{2,8,6,3}",0,2,6,circle|small|vertical|blue,0,0,26,1,1,1,0,1,3,3,3,3,
69e8ee688a0ce9cb3916937d,69e8ee688a0ce9cb3916937d,6aa5e2a1421fd865aae66c6f,eigen-dynamics-1.0.0::69e8ee688a0ce9cb3916937d::probabilistic::13bxm9gz,eigen-dynamics-1.0.0,0,probabilistic,2026-09-12 23:44:15.708+00,99161,1752,50,3,23,#5A3A1E,2,circle|small|horizontal|blue,"{2,4,12,5}",0,1,4,circle|large|vertical|blue,0,1,27,2,1,0,0,1,3,1,1,3,
69e8ee688a0ce9cb3916937d,69e8ee688a0ce9cb3916937d,6aa5e2a1421fd865aae66c6f,eigen-dynamics-1.0.0::69e8ee688a0ce9cb3916937d::probabilistic::13bxm9gz,eigen-dynamics-1.0.0,0,probabilistic,2026-09-12 23:44:17.236+00,100688,1172,51,3,24,#5A3A1E,2,circle|small|horizontal|blue,"{1,11,2,6}",2,3,6,circle|small|vertical|blue,0,0,27,1,1,1,0,1,2,3,3,3,
69e8ee688a0ce9cb3916937d,69e8ee688a0ce9cb3916937d,6aa5e2a1421fd865aae66c6f,eigen-dynamics-1.0.0::69e8ee688a0ce9cb3916937d::probabilistic::13bxm9gz,eigen-dynamics-1.0.0,0,probabilistic,2026-09-12 23:44:18.459+00,101912,869,52,3,25,#5A3A1E,2,circle|small|horizontal|blue,"{2,0,10,8}",0,1,0,circle|large|horizontal|blue,0,0,27,1,1,0,1,1,4,2,4,2,
69e8ee688a0ce9cb3916937d,69e8ee688a0ce9cb3916937d,6aa5e2a1421fd865aae66c6f,eigen-dynamics-1.0.0::69e8ee688a0ce9cb3916937d::probabilistic::13bxm9gz,eigen-dynamics-1.0.0,0,probabilistic,2026-09-12 23:44:20.244+00,103697,1419,53,3,26,#5A3A1E,2,circle|small|horizontal|blue,"{0,3,9,2}",3,3,2,circle|small|horizontal|blue,1,1,28,0,1,1,1,1,2,2,4,3,
69e8ee688a0ce9cb3916937d,69e8ee688a0ce9cb3916937d,6aa5e2a1421fd865aae66c6f,eigen-dynamics-1.0.0::69e8ee688a0ce9cb3916937d::probabilistic::13bxm9gz,eigen-dynamics-1.0.0,0,probabilistic,2026-09-12 23:44:21.403+00,104856,802,54,3,27,#5A3A1E,2,circle|small|horizontal|blue,"{1,2,10,15}",1,1,2,circle|small|horizontal|blue,1,1,29,0,1,1,1,1,2,3,3,2,
69e8ee688a0ce9cb3916937d,69e8ee688a0ce9cb3916937d,6aa5e2a1421fd865aae66c6f,eigen-dynamics-1.0.0::69e8ee688a0ce9cb3916937d::probabilistic::13bxm9gz,eigen-dynamics-1.0.0,0,probabilistic,2026-09-12 23:44:23.276+00,106729,1521,55,3,28,#5A3A1E,2,circle|small|horizontal|blue,"{9,11,5,2}",3,3,2,circle|small|horizontal|blue,1,1,30,0,1,1,1,1,1,2,3,2,
69e8ee688a0ce9cb3916937d,69e8ee688a0ce9cb3916937d,6aa5e2a1421fd865aae66c6f,eigen-dynamics-1.0.0::69e8ee688a0ce9cb3916937d::probabilistic::13bxm9gz,eigen-dynamics-1.0.0,0,probabilistic,2026-09-12 23:44:25.22+00,108673,1588,56,3,29,#5A3A1E,2,circle|small|horizontal|blue,"{15,2,7,5}",1,1,2,circle|small|horizontal|blue,1,1,31,0,1,1,1,1,1,3,1,3,criterion
69e8ee688a0ce9cb3916937d,69e8ee688a0ce9cb3916937d,6aa5e2a1421fd865aae66c6f,eigen-dynamics-1.0.0::69e8ee688a0ce9cb3916937d::probabilistic::13bxm9gz,eigen-dynamics-1.0.0,0,probabilistic,2026-09-12 23:44:27.236+00,110688,1652,57,4,1,#3B2E5A,12,circle|large|vertical|orange,"{6,11,12,8}",2,0,6,circle|small|vertical|blue,0,0,31,2,1,0,1,0,3,2,2,3,
69e8ee688a0ce9cb3916937d,69e8ee688a0ce9cb3916937d,6aa5e2a1421fd865aae66c6f,eigen-dynamics-1.0.0::69e8ee688a0ce9cb3916937d::probabilistic::13bxm9gz,eigen-dynamics-1.0.0,0,probabilistic,2026-09-12 23:44:30.036+00,113488,2441,58,4,2,#3B2E5A,12,circle|large|vertical|orange,"{14,0,12,8}",2,2,12,circle|large|vertical|orange,1,1,32,0,1,1,1,1,4,3,2,3,
69e8ee688a0ce9cb3916937d,69e8ee688a0ce9cb3916937d,6aa5e2a1421fd865aae66c6f,eigen-dynamics-1.0.0::69e8ee688a0ce9cb3916937d::probabilistic::13bxm9gz,eigen-dynamics-1.0.0,0,probabilistic,2026-09-12 23:44:31.195+00,114648,805,59,4,3,#3B2E5A,12,circle|large|vertical|orange,"{9,3,13,12}",3,3,12,circle|large|vertical|orange,1,1,33,0,1,1,1,1,1,3,2,3,
69e8ee688a0ce9cb3916937d,69e8ee688a0ce9cb3916937d,6aa5e2a1421fd865aae66c6f,eigen-dynamics-1.0.0::69e8ee688a0ce9cb3916937d::probabilistic::13bxm9gz,eigen-dynamics-1.0.0,0,probabilistic,2026-09-12 23:44:32.252+00,115704,697,60,4,4,#3B2E5A,12,circle|large|vertical|orange,"{15,12,13,2}",1,1,12,circle|large|vertical|orange,1,0,33,0,1,1,1,1,2,2,3,3,
69e8ee688a0ce9cb3916937d,69e8ee688a0ce9cb3916937d,6aa5e2a1421fd865aae66c6f,eigen-dynamics-1.0.0::69e8ee688a0ce9cb3916937d::probabilistic::13bxm9gz,eigen-dynamics-1.0.0,0,probabilistic,2026-09-12 23:44:37.317+00,120769,4703,61,4,5,#3B2E5A,12,circle|large|vertical|orange,"{7,12,14,4}",1,3,4,circle|large|vertical|blue,0,0,33,1,1,1,1,0,3,2,4,2,
69e8ee688a0ce9cb3916937d,69e8ee688a0ce9cb3916937d,6aa5e2a1421fd865aae66c6f,eigen-dynamics-1.0.0::69e8ee688a0ce9cb3916937d::probabilistic::13bxm9gz,eigen-dynamics-1.0.0,0,probabilistic,2026-09-12 23:44:39.372+00,122824,1705,62,4,6,#3B2E5A,12,circle|large|vertical|orange,"{15,12,2,10}",1,0,15,square|small|vertical|orange,0,1,34,2,0,0,1,1,3,1,2,3,
69e8ee688a0ce9cb3916937d,69e8ee688a0ce9cb3916937d,6aa5e2a1421fd865aae66c6f,eigen-dynamics-1.0.0::69e8ee688a0ce9cb3916937d::probabilistic::13bxm9gz,eigen-dynamics-1.0.0,0,probabilistic,2026-09-12 23:44:43.46+00,126912,3729,63,4,7,#3B2E5A,12,circle|large|vertical|orange,"{4,12,3,1}",1,1,12,circle|large|vertical|orange,1,1,35,0,1,1,1,1,2,3,2,1,
69e8ee688a0ce9cb3916937d,69e8ee688a0ce9cb3916937d,6aa5e2a1421fd865aae66c6f,eigen-dynamics-1.0.0::69e8ee688a0ce9cb3916937d::probabilistic::13bxm9gz,eigen-dynamics-1.0.0,0,probabilistic,2026-09-12 23:44:45.355+00,128808,1543,64,4,8,#3B2E5A,12,circle|large|vertical|orange,"{8,3,12,6}",2,3,6,circle|small|vertical|blue,0,1,36,2,1,0,1,0,3,2,2,2,
69e8ee688a0ce9cb3916937d,69e8ee688a0ce9cb3916937d,6aa5e2a1421fd865aae66c6f,eigen-dynamics-1.0.0::69e8ee688a0ce9cb3916937d::probabilistic::13bxm9gz,eigen-dynamics-1.0.0,0,probabilistic,2026-09-12 23:44:47.011+00,130464,1291,65,4,9,#3B2E5A,12,circle|large|vertical|orange,"{10,2,7,12}",3,2,7,square|small|vertical|blue,0,0,36,3,0,0,1,0,3,1,2,2,
69e8ee688a0ce9cb3916937d,69e8ee688a0ce9cb3916937d,6aa5e2a1421fd865aae66c6f,eigen-dynamics-1.0.0::69e8ee688a0ce9cb3916937d::probabilistic::13bxm9gz,eigen-dynamics-1.0.0,0,probabilistic,2026-09-12 23:44:48.595+00,132048,1227,66,4,10,#3B2E5A,12,circle|large|vertical|orange,"{5,8,7,12}",3,1,8,circle|large|horizontal|orange,0,0,36,1,1,1,0,1,2,3,3,2,
69e8ee688a0ce9cb3916937d,69e8ee688a0ce9cb3916937d,6aa5e2a1421fd865aae66c6f,eigen-dynamics-1.0.0::69e8ee688a0ce9cb3916937d::probabilistic::13bxm9gz,eigen-dynamics-1.0.0,0,probabilistic,2026-09-12 23:44:49.675+00,133128,716,67,4,11,#3B2E5A,12,circle|large|vertical|orange,"{12,6,3,14}",0,3,14,circle|small|vertical|orange,0,1,37,1,1,0,1,1,3,1,3,2,
69e8ee688a0ce9cb3916937d,69e8ee688a0ce9cb3916937d,6aa5e2a1421fd865aae66c6f,eigen-dynamics-1.0.0::69e8ee688a0ce9cb3916937d::probabilistic::13bxm9gz,eigen-dynamics-1.0.0,0,probabilistic,2026-09-12 23:44:50.795+00,134248,762,68,4,12,#3B2E5A,12,circle|large|vertical|orange,"{7,2,14,12}",3,2,14,circle|small|vertical|orange,0,1,38,1,1,0,1,1,3,1,3,2,
69e8ee688a0ce9cb3916937d,69e8ee688a0ce9cb3916937d,6aa5e2a1421fd865aae66c6f,eigen-dynamics-1.0.0::69e8ee688a0ce9cb3916937d::probabilistic::13bxm9gz,eigen-dynamics-1.0.0,0,probabilistic,2026-09-12 23:44:53.668+00,137120,2521,69,4,13,#3B2E5A,12,circle|large|vertical|orange,"{3,4,12,2}",2,2,12,circle|large|vertical|orange,1,1,39,0,1,1,1,1,3,2,2,1,
69e8ee688a0ce9cb3916937d,69e8ee688a0ce9cb3916937d,6aa5e2a1421fd865aae66c6f,eigen-dynamics-1.0.0::69e8ee688a0ce9cb3916937d::probabilistic::13bxm9gz,eigen-dynamics-1.0.0,0,probabilistic,2026-09-12 23:44:56.38+00,139832,2357,70,4,14,#3B2E5A,12,circle|large|vertical|orange,"{0,12,15,9}",1,2,15,square|small|vertical|orange,0,0,39,2,0,0,1,1,2,3,2,3,
69e8ee688a0ce9cb3916937d,69e8ee688a0ce9cb3916937d,6aa5e2a1421fd865aae66c6f,eigen-dynamics-1.0.0::69e8ee688a0ce9cb3916937d::probabilistic::13bxm9gz,eigen-dynamics-1.0.0,0,probabilistic,2026-09-12 23:44:58.044+00,141497,1306,71,4,15,#3B2E5A,12,circle|large|vertical|orange,"{5,7,11,12}",3,3,12,circle|large|vertical|orange,1,1,40,0,1,1,1,1,1,2,3,2,
69e8ee688a0ce9cb3916937d,69e8ee688a0ce9cb3916937d,6aa5e2a1421fd865aae66c6f,eigen-dynamics-1.0.0::69e8ee688a0ce9cb3916937d::probabilistic::13bxm9gz,eigen-dynamics-1.0.0,0,probabilistic,2026-09-12 23:44:58.9+00,142352,496,72,4,16,#3B2E5A,12,circle|large|vertical|orange,"{5,6,8,12}",3,3,12,circle|large|vertical|orange,1,1,41,0,1,1,1,1,3,3,3,2,
69e8ee688a0ce9cb3916937d,69e8ee688a0ce9cb3916937d,6aa5e2a1421fd865aae66c6f,eigen-dynamics-1.0.0::69e8ee688a0ce9cb3916937d::probabilistic::13bxm9gz,eigen-dynamics-1.0.0,0,probabilistic,2026-09-12 23:44:59.94+00,143392,674,73,4,17,#3B2E5A,12,circle|large|vertical|orange,"{1,3,12,6}",2,2,12,circle|large|vertical|orange,1,1,42,0,1,1,1,1,2,2,2,1,criterion
69e8ee688a0ce9cb3916937d,69e8ee688a0ce9cb3916937d,6aa5e2a1421fd865aae66c6f,eigen-dynamics-1.0.0::69e8ee688a0ce9cb3916937d::probabilistic::13bxm9gz,eigen-dynamics-1.0.0,0,probabilistic,2026-09-12 23:45:01.323+00,144776,1030,74,5,1,#14434A,5,square|large|vertical|blue,"{13,3,2,5}",3,0,13,square|large|vertical|orange,0,0,42,1,1,1,1,0,3,2,2,3,
69e8ee688a0ce9cb3916937d,69e8ee688a0ce9cb3916937d,6aa5e2a1421fd865aae66c6f,eigen-dynamics-1.0.0::69e8ee688a0ce9cb3916937d::probabilistic::13bxm9gz,eigen-dynamics-1.0.0,0,probabilistic,2026-09-12 23:45:03.252+00,146704,1575,75,5,2,#14434A,5,square|large|vertical|blue,"{3,4,5,15}",2,2,5,square|large|vertical|blue,1,1,43,0,1,1,1,1,3,2,3,3,
69e8ee688a0ce9cb3916937d,69e8ee688a0ce9cb3916937d,6aa5e2a1421fd865aae66c6f,eigen-dynamics-1.0.0::69e8ee688a0ce9cb3916937d::probabilistic::13bxm9gz,eigen-dynamics-1.0.0,0,probabilistic,2026-09-12 23:45:04.164+00,147616,559,76,5,3,#14434A,5,square|large|vertical|blue,"{3,9,5,1}",2,2,5,square|large|vertical|blue,1,1,44,0,1,1,1,1,4,3,1,3,
69e8ee688a0ce9cb3916937d,69e8ee688a0ce9cb3916937d,6aa5e2a1421fd865aae66c6f,eigen-dynamics-1.0.0::69e8ee688a0ce9cb3916937d::probabilistic::13bxm9gz,eigen-dynamics-1.0.0,0,probabilistic,2026-09-12 23:45:05.636+00,149088,1111,77,5,4,#14434A,5,square|large|vertical|blue,"{5,9,15,13}",0,0,5,square|large|vertical|blue,1,1,45,0,1,1,1,1,4,3,3,1,
69e8ee688a0ce9cb3916937d,69e8ee688a0ce9cb3916937d,6aa5e2a1421fd865aae66c6f,eigen-dynamics-1.0.0::69e8ee688a0ce9cb3916937d::probabilistic::13bxm9gz,eigen-dynamics-1.0.0,0,probabilistic,2026-09-12 23:45:06.828+00,150280,839,78,5,5,#14434A,5,square|large|vertical|blue,"{1,5,6,11}",1,1,5,square|large|vertical|blue,1,1,46,0,1,1,1,1,3,2,2,3,
69e8ee688a0ce9cb3916937d,69e8ee688a0ce9cb3916937d,6aa5e2a1421fd865aae66c6f,eigen-dynamics-1.0.0::69e8ee688a0ce9cb3916937d::probabilistic::13bxm9gz,eigen-dynamics-1.0.0,0,probabilistic,2026-09-12 23:45:07.932+00,151384,740,79,5,6,#14434A,5,square|large|vertical|blue,"{1,8,5,7}",2,2,5,square|large|vertical|blue,1,1,47,0,1,1,1,1,3,3,2,3,criterion
69e8ee688a0ce9cb3916937d,69e8ee688a0ce9cb3916937d,6aa5e2a1421fd865aae66c6f,eigen-dynamics-1.0.0::69e8ee688a0ce9cb3916937d::probabilistic::13bxm9gz,eigen-dynamics-1.0.0,0,probabilistic,2026-09-12 23:45:09.323+00,152776,1040,80,6,1,#5A2330,11,square|small|horizontal|orange,"{15,11,7,2}",1,2,7,square|small|vertical|blue,0,0,47,2,1,1,0,0,3,4,2,2,
69e8ee688a0ce9cb3916937d,69e8ee688a0ce9cb3916937d,6aa5e2a1421fd865aae66c6f,eigen-dynamics-1.0.0::69e8ee688a0ce9cb3916937d::probabilistic::13bxm9gz,eigen-dynamics-1.0.0,0,probabilistic,2026-09-12 23:45:11.467+00,154920,1793,81,6,2,#5A2330,11,square|small|horizontal|orange,"{11,14,8,6}",0,2,8,circle|large|horizontal|orange,0,0,47,2,0,0,1,1,1,3,2,3,
69e8ee688a0ce9cb3916937d,69e8ee688a0ce9cb3916937d,6aa5e2a1421fd865aae66c6f,eigen-dynamics-1.0.0::69e8ee688a0ce9cb3916937d::probabilistic::13bxm9gz,eigen-dynamics-1.0.0,0,probabilistic,2026-09-12 23:45:14.668+00,158121,2846,82,6,3,#5A2330,11,square|small|horizontal|orange,"{1,11,6,5}",1,0,1,square|large|horizontal|blue,0,0,47,2,1,0,1,0,3,2,2,1,
69e8ee688a0ce9cb3916937d,69e8ee688a0ce9cb3916937d,6aa5e2a1421fd865aae66c6f,eigen-dynamics-1.0.0::69e8ee688a0ce9cb3916937d::probabilistic::13bxm9gz,eigen-dynamics-1.0.0,0,probabilistic,2026-09-12 23:45:17.46+00,160912,2441,83,6,4,#5A2330,11,square|small|horizontal|orange,"{6,7,13,11}",3,3,11,square|small|horizontal|orange,1,1,48,0,1,1,1,1,3,3,1,2,
69e8ee688a0ce9cb3916937d,69e8ee688a0ce9cb3916937d,6aa5e2a1421fd865aae66c6f,eigen-dynamics-1.0.0::69e8ee688a0ce9cb3916937d::probabilistic::13bxm9gz,eigen-dynamics-1.0.0,0,probabilistic,2026-09-12 23:45:18.443+00,161896,624,84,6,5,#5A2330,11,square|small|horizontal|orange,"{6,0,12,11}",3,3,11,square|small|horizontal|orange,1,0,48,0,1,1,1,1,1,2,2,2,
69e8ee688a0ce9cb3916937d,69e8ee688a0ce9cb3916937d,6aa5e2a1421fd865aae66c6f,eigen-dynamics-1.0.0::69e8ee688a0ce9cb3916937d::probabilistic::13bxm9gz,eigen-dynamics-1.0.0,0,probabilistic,2026-09-12 23:45:20.379+00,163832,1577,85,6,6,#5A2330,11,square|small|horizontal|orange,"{7,11,15,4}",1,2,15,square|small|vertical|orange,0,0,48,1,1,1,0,1,3,3,1,2,
69e8ee688a0ce9cb3916937d,69e8ee688a0ce9cb3916937d,6aa5e2a1421fd865aae66c6f,eigen-dynamics-1.0.0::69e8ee688a0ce9cb3916937d::probabilistic::13bxm9gz,eigen-dynamics-1.0.0,0,probabilistic,2026-09-12 23:45:21.548+00,165001,818,86,6,7,#5A2330,11,square|small|horizontal|orange,"{8,12,6,11}",3,2,6,circle|small|vertical|blue,0,0,48,3,0,1,0,0,1,2,2,3,
69e8ee688a0ce9cb3916937d,69e8ee688a0ce9cb3916937d,6aa5e2a1421fd865aae66c6f,eigen-dynamics-1.0.0::69e8ee688a0ce9cb3916937d::probabilistic::13bxm9gz,eigen-dynamics-1.0.0,0,probabilistic,2026-09-12 23:45:23.852+00,167304,1953,87,6,8,#5A2330,11,square|small|horizontal|orange,"{12,5,11,4}",2,1,5,square|large|vertical|blue,0,0,48,3,1,0,0,0,2,1,1,2,
69e8ee688a0ce9cb3916937d,69e8ee688a0ce9cb3916937d,6aa5e2a1421fd865aae66c6f,eigen-dynamics-1.0.0::69e8ee688a0ce9cb3916937d::probabilistic::13bxm9gz,eigen-dynamics-1.0.0,0,probabilistic,2026-09-12 23:45:25.252+00,168705,1042,88,6,9,#5A2330,11,square|small|horizontal|orange,"{12,1,11,7}",2,2,11,square|small|horizontal|orange,1,1,49,0,1,1,1,1,3,2,2,2,
69e8ee688a0ce9cb3916937d,69e8ee688a0ce9cb3916937d,6aa5e2a1421fd865aae66c6f,eigen-dynamics-1.0.0::69e8ee688a0ce9cb3916937d::probabilistic::13bxm9gz,eigen-dynamics-1.0.0,0,probabilistic,2026-09-12 23:45:26.388+00,169840,775,89,6,10,#5A2330,11,square|small|horizontal|orange,"{1,11,6,3}",1,1,11,square|small|horizontal|orange,1,1,50,0,1,1,1,1,3,3,3,1,
69e8ee688a0ce9cb3916937d,69e8ee688a0ce9cb3916937d,6aa5e2a1421fd865aae66c6f,eigen-dynamics-1.0.0::69e8ee688a0ce9cb3916937d::probabilistic::13bxm9gz,eigen-dynamics-1.0.0,0,probabilistic,2026-09-12 23:45:27.812+00,171264,1059,90,6,11,#5A2330,11,square|small|horizontal|orange,"{11,15,7,0}",0,0,11,square|small|horizontal|orange,1,1,51,0,1,1,1,1,3,3,2,2,
69e8ee688a0ce9cb3916937d,69e8ee688a0ce9cb3916937d,6aa5e2a1421fd865aae66c6f,eigen-dynamics-1.0.0::69e8ee688a0ce9cb3916937d::probabilistic::13bxm9gz,eigen-dynamics-1.0.0,0,probabilistic,2026-09-12 23:45:28.972+00,172424,795,91,6,12,#5A2330,11,square|small|horizontal|orange,"{0,9,14,11}",3,3,11,square|small|horizontal|orange,1,1,52,0,1,1,1,1,2,2,3,3,criterion
69e8ee688a0ce9cb3916937d,69e8ee688a0ce9cb3916937d,6aa5e2a1421fd865aae66c6f,eigen-dynamics-1.0.0::69e8ee688a0ce9cb3916937d::probabilistic::13bxm9gz,eigen-dynamics-1.0.0,0,probabilistic,2026-09-12 23:45:30.876+00,174329,1547,92,7,1,#2E4020,8,circle|large|horizontal|orange,"{15,6,13,8}",3,3,8,circle|large|horizontal|orange,1,1,53,0,1,1,1,1,2,2,1,3,
69e8ee688a0ce9cb3916937d,69e8ee688a0ce9cb3916937d,6aa5e2a1421fd865aae66c6f,eigen-dynamics-1.0.0::69e8ee688a0ce9cb3916937d::probabilistic::13bxm9gz,eigen-dynamics-1.0.0,0,probabilistic,2026-09-12 23:45:32.78+00,176232,1549,93,7,2,#2E4020,8,circle|large|horizontal|orange,"{8,14,13,12}",0,0,8,circle|large|horizontal|orange,1,0,53,0,1,1,1,1,3,3,1,4,
69e8ee688a0ce9cb3916937d,69e8ee688a0ce9cb3916937d,6aa5e2a1421fd865aae66c6f,eigen-dynamics-1.0.0::69e8ee688a0ce9cb3916937d::probabilistic::13bxm9gz,eigen-dynamics-1.0.0,0,probabilistic,2026-09-12 23:45:34.419+00,177872,1287,94,7,3,#2E4020,8,circle|large|horizontal|orange,"{6,12,8,5}",2,1,12,circle|large|vertical|orange,0,0,53,1,1,1,0,1,3,3,1,2,
69e8ee688a0ce9cb3916937d,69e8ee688a0ce9cb3916937d,6aa5e2a1421fd865aae66c6f,eigen-dynamics-1.0.0::69e8ee688a0ce9cb3916937d::probabilistic::13bxm9gz,eigen-dynamics-1.0.0,0,probabilistic,2026-09-12 23:45:35.564+00,179016,784,95,7,4,#2E4020,8,circle|large|horizontal|orange,"{2,13,8,15}",2,2,8,circle|large|horizontal|orange,1,1,54,0,1,1,1,1,2,2,2,3,
69e8ee688a0ce9cb3916937d,69e8ee688a0ce9cb3916937d,6aa5e2a1421fd865aae66c6f,eigen-dynamics-1.0.0::69e8ee688a0ce9cb3916937d::probabilistic::13bxm9gz,eigen-dynamics-1.0.0,0,probabilistic,2026-09-12 23:45:36.564+00,180016,647,96,7,5,#2E4020,8,circle|large|horizontal|orange,"{11,10,12,8}",3,3,8,circle|large|horizontal|orange,1,0,54,0,1,1,1,1,3,2,3,4,
6a0c4ebfa54e06e8983ae3d7,6a0c4ebfa54e06e8983ae3d7,6aa5e2a1421fd865aae66c6f,eigen-dynamics-1.0.0::6a0c4ebfa54e06e8983ae3d7::probabilistic::cbw2vwpw,eigen-dynamics-1.0.0,0,probabilistic,2026-09-12 23:49:24.596+00,0,59582,0,0,1,#1F3A5F,2,circle|small|horizontal|blue,"{13,1,2,14}",2,3,14,circle|small|vertical|orange,0,1,1,2,1,1,0,0,2,2,2,2,
6a0c4ebfa54e06e8983ae3d7,6a0c4ebfa54e06e8983ae3d7,6aa5e2a1421fd865aae66c6f,eigen-dynamics-1.0.0::6a0c4ebfa54e06e8983ae3d7::probabilistic::cbw2vwpw,eigen-dynamics-1.0.0,0,probabilistic,2026-09-12 23:49:28.362+00,3767,3413,1,0,2,#1F3A5F,2,circle|small|horizontal|blue,"{2,1,5,0}",0,0,2,circle|small|horizontal|blue,1,0,1,0,1,1,1,1,2,1,3,4,
6a0c4ebfa54e06e8983ae3d7,6a0c4ebfa54e06e8983ae3d7,6aa5e2a1421fd865aae66c6f,eigen-dynamics-1.0.0::6a0c4ebfa54e06e8983ae3d7::probabilistic::cbw2vwpw,eigen-dynamics-1.0.0,0,probabilistic,2026-09-12 23:49:34.529+00,9934,5814,2,0,3,#1F3A5F,2,circle|small|horizontal|blue,"{2,3,14,9}",0,2,14,circle|small|vertical|orange,0,0,1,2,1,1,0,0,2,3,3,2,
6a0c4ebfa54e06e8983ae3d7,6a0c4ebfa54e06e8983ae3d7,6aa5e2a1421fd865aae66c6f,eigen-dynamics-1.0.0::6a0c4ebfa54e06e8983ae3d7::probabilistic::cbw2vwpw,eigen-dynamics-1.0.0,0,probabilistic,2026-09-12 23:49:37.578+00,12983,2697,3,0,4,#1F3A5F,2,circle|small|horizontal|blue,"{10,2,7,14}",1,1,2,circle|small|horizontal|blue,1,1,2,0,1,1,1,1,3,4,2,2,
6a0c4ebfa54e06e8983ae3d7,6a0c4ebfa54e06e8983ae3d7,6aa5e2a1421fd865aae66c6f,eigen-dynamics-1.0.0::6a0c4ebfa54e06e8983ae3d7::probabilistic::cbw2vwpw,eigen-dynamics-1.0.0,0,probabilistic,2026-09-12 23:49:40.261+00,15666,2332,4,0,5,#1F3A5F,2,circle|small|horizontal|blue,"{2,4,15,9}",0,0,2,circle|small|horizontal|blue,1,1,3,0,1,1,1,1,2,2,2,2,
6a0c4ebfa54e06e8983ae3d7,6a0c4ebfa54e06e8983ae3d7,6aa5e2a1421fd865aae66c6f,eigen-dynamics-1.0.0::6a0c4ebfa54e06e8983ae3d7::probabilistic::cbw2vwpw,eigen-dynamics-1.0.0,0,probabilistic,2026-09-12 23:49:41.862+00,17267,1249,5,0,6,#1F3A5F,2,circle|small|horizontal|blue,"{15,8,1,2}",3,3,2,circle|small|horizontal|blue,1,1,4,0,1,1,1,1,2,2,3,2,criterion
6a0c4ebfa54e06e8983ae3d7,6a0c4ebfa54e06e8983ae3d7,6aa5e2a1421fd865aae66c6f,eigen-dynamics-1.0.0::6a0c4ebfa54e06e8983ae3d7::probabilistic::cbw2vwpw,eigen-dynamics-1.0.0,0,probabilistic,2026-09-12 23:49:46.412+00,21817,4198,6,1,1,#4A2C4D,8,circle|large|horizontal|orange,"{8,1,10,6}",0,2,10,circle|small|horizontal|orange,0,0,4,1,1,0,1,1,3,2,3,2,
6a0c4ebfa54e06e8983ae3d7,6a0c4ebfa54e06e8983ae3d7,6aa5e2a1421fd865aae66c6f,eigen-dynamics-1.0.0::6a0c4ebfa54e06e8983ae3d7::probabilistic::cbw2vwpw,eigen-dynamics-1.0.0,0,probabilistic,2026-09-12 23:49:48.012+00,23417,1247,7,1,2,#4A2C4D,8,circle|large|horizontal|orange,"{10,4,8,9}",2,0,10,circle|small|horizontal|orange,0,0,4,1,1,0,1,1,3,3,3,3,
6a0c4ebfa54e06e8983ae3d7,6a0c4ebfa54e06e8983ae3d7,6aa5e2a1421fd865aae66c6f,eigen-dynamics-1.0.0::6a0c4ebfa54e06e8983ae3d7::probabilistic::cbw2vwpw,eigen-dynamics-1.0.0,0,probabilistic,2026-09-12 23:49:51.029+00,26434,2664,8,1,3,#4A2C4D,8,circle|large|horizontal|orange,"{8,3,4,13}",0,2,4,circle|large|vertical|blue,0,0,4,2,1,1,0,0,2,3,2,2,
6a0c4ebfa54e06e8983ae3d7,6a0c4ebfa54e06e8983ae3d7,6aa5e2a1421fd865aae66c6f,eigen-dynamics-1.0.0::6a0c4ebfa54e06e8983ae3d7::probabilistic::cbw2vwpw,eigen-dynamics-1.0.0,0,probabilistic,2026-09-12 23:49:52.495+00,27900,1114,9,1,4,#4A2C4D,8,circle|large|horizontal|orange,"{8,11,15,10}",0,3,10,circle|small|horizontal|orange,0,1,5,1,1,0,1,1,2,1,3,4,
6a0c4ebfa54e06e8983ae3d7,6a0c4ebfa54e06e8983ae3d7,6aa5e2a1421fd865aae66c6f,eigen-dynamics-1.0.0::6a0c4ebfa54e06e8983ae3d7::probabilistic::cbw2vwpw,eigen-dynamics-1.0.0,0,probabilistic,2026-09-12 23:49:54.529+00,29934,1681,10,1,5,#4A2C4D,8,circle|large|horizontal|orange,"{8,3,13,11}",0,3,11,square|small|horizontal|orange,0,1,6,2,0,0,1,1,1,2,3,3,
6a0c4ebfa54e06e8983ae3d7,6a0c4ebfa54e06e8983ae3d7,6aa5e2a1421fd865aae66c6f,eigen-dynamics-1.0.0::6a0c4ebfa54e06e8983ae3d7::probabilistic::cbw2vwpw,eigen-dynamics-1.0.0,0,probabilistic,2026-09-12 23:49:55.928+00,31333,1048,11,1,6,#4A2C4D,8,circle|large|horizontal|orange,"{6,4,0,8}",3,0,6,circle|small|vertical|blue,0,0,6,3,1,0,0,0,4,3,2,1,
6a0c4ebfa54e06e8983ae3d7,6a0c4ebfa54e06e8983ae3d7,6aa5e2a1421fd865aae66c6f,eigen-dynamics-1.0.0::6a0c4ebfa54e06e8983ae3d7::probabilistic::cbw2vwpw,eigen-dynamics-1.0.0,0,probabilistic,2026-09-12 23:49:58.962+00,34367,2682,12,1,7,#4A2C4D,8,circle|large|horizontal|orange,"{9,4,0,8}",3,3,8,circle|large|horizontal|orange,1,0,6,0,1,1,1,1,3,4,3,2,
6a0c4ebfa54e06e8983ae3d7,6a0c4ebfa54e06e8983ae3d7,6aa5e2a1421fd865aae66c6f,eigen-dynamics-1.0.0::6a0c4ebfa54e06e8983ae3d7::probabilistic::cbw2vwpw,eigen-dynamics-1.0.0,0,probabilistic,2026-09-12 23:50:00.41+00,35815,1096,13,1,8,#4A2C4D,8,circle|large|horizontal|orange,"{2,0,8,1}",2,0,2,circle|small|horizontal|blue,0,0,6,2,1,0,1,0,3,3,4,1,
6a0c4ebfa54e06e8983ae3d7,6a0c4ebfa54e06e8983ae3d7,6aa5e2a1421fd865aae66c6f,eigen-dynamics-1.0.0::6a0c4ebfa54e06e8983ae3d7::probabilistic::cbw2vwpw,eigen-dynamics-1.0.0,0,probabilistic,2026-09-12 23:50:03.445+00,38850,2683,14,1,9,#4A2C4D,8,circle|large|horizontal|orange,"{8,5,15,9}",0,2,15,square|small|vertical|orange,0,0,6,3,0,0,0,1,1,3,2,3,
6a0c4ebfa54e06e8983ae3d7,6a0c4ebfa54e06e8983ae3d7,6aa5e2a1421fd865aae66c6f,eigen-dynamics-1.0.0::6a0c4ebfa54e06e8983ae3d7::probabilistic::cbw2vwpw,eigen-dynamics-1.0.0,0,probabilistic,2026-09-12 23:50:05.695+00,41100,1897,15,1,10,#4A2C4D,8,circle|large|horizontal|orange,"{0,8,11,15}",1,0,0,circle|large|horizontal|blue,0,0,6,1,1,1,1,0,2,2,3,3,
6a0c4ebfa54e06e8983ae3d7,6a0c4ebfa54e06e8983ae3d7,6aa5e2a1421fd865aae66c6f,eigen-dynamics-1.0.0::6a0c4ebfa54e06e8983ae3d7::probabilistic::cbw2vwpw,eigen-dynamics-1.0.0,0,probabilistic,2026-09-12 23:50:07.295+00,42700,1248,16,1,11,#4A2C4D,8,circle|large|horizontal|orange,"{11,14,8,1}",2,1,14,circle|small|vertical|orange,0,0,6,2,1,0,0,1,2,2,3,3,
6a0c4ebfa54e06e8983ae3d7,6a0c4ebfa54e06e8983ae3d7,6aa5e2a1421fd865aae66c6f,eigen-dynamics-1.0.0::6a0c4ebfa54e06e8983ae3d7::probabilistic::cbw2vwpw,eigen-dynamics-1.0.0,0,probabilistic,2026-09-12 23:50:08.962+00,44367,1315,17,1,12,#4A2C4D,8,circle|large|horizontal|orange,"{8,15,1,9}",0,3,9,square|large|horizontal|orange,0,0,6,1,0,1,1,1,1,3,3,3,
6a0c4ebfa54e06e8983ae3d7,6a0c4ebfa54e06e8983ae3d7,6aa5e2a1421fd865aae66c6f,eigen-dynamics-1.0.0::6a0c4ebfa54e06e8983ae3d7::probabilistic::cbw2vwpw,eigen-dynamics-1.0.0,0,probabilistic,2026-09-12 23:50:10.578+00,45983,1264,18,1,13,#4A2C4D,8,circle|large|horizontal|orange,"{9,13,8,12}",2,2,8,circle|large|horizontal|orange,1,1,7,0,1,1,1,1,2,4,2,4,
6a0c4ebfa54e06e8983ae3d7,6a0c4ebfa54e06e8983ae3d7,6aa5e2a1421fd865aae66c6f,eigen-dynamics-1.0.0::6a0c4ebfa54e06e8983ae3d7::probabilistic::cbw2vwpw,eigen-dynamics-1.0.0,0,probabilistic,2026-09-12 23:50:12.245+00,47650,1315,19,1,14,#4A2C4D,8,circle|large|horizontal|orange,"{2,0,13,8}",3,1,0,circle|large|horizontal|blue,0,0,7,1,1,1,1,0,3,3,3,2,
6a0c4ebfa54e06e8983ae3d7,6a0c4ebfa54e06e8983ae3d7,6aa5e2a1421fd865aae66c6f,eigen-dynamics-1.0.0::6a0c4ebfa54e06e8983ae3d7::probabilistic::cbw2vwpw,eigen-dynamics-1.0.0,0,probabilistic,2026-09-12 23:50:13.995+00,49400,1398,20,1,15,#4A2C4D,8,circle|large|horizontal|orange,"{8,4,12,6}",0,0,8,circle|large|horizontal|orange,1,1,8,0,1,1,1,1,4,3,1,2,
6a0c4ebfa54e06e8983ae3d7,6a0c4ebfa54e06e8983ae3d7,6aa5e2a1421fd865aae66c6f,eigen-dynamics-1.0.0::6a0c4ebfa54e06e8983ae3d7::probabilistic::cbw2vwpw,eigen-dynamics-1.0.0,0,probabilistic,2026-09-12 23:50:15.278+00,50683,930,21,1,16,#4A2C4D,8,circle|large|horizontal|orange,"{15,8,3,1}",1,1,8,circle|large|horizontal|orange,1,1,9,0,1,1,1,1,1,2,3,2,
6a0c4ebfa54e06e8983ae3d7,6a0c4ebfa54e06e8983ae3d7,6aa5e2a1421fd865aae66c6f,eigen-dynamics-1.0.0::6a0c4ebfa54e06e8983ae3d7::probabilistic::cbw2vwpw,eigen-dynamics-1.0.0,0,probabilistic,2026-09-12 23:50:17.461+00,52866,1831,22,1,17,#4A2C4D,8,circle|large|horizontal|orange,"{5,10,12,8}",3,1,10,circle|small|horizontal|orange,0,0,9,1,1,0,1,1,3,3,2,3,
6a0c4ebfa54e06e8983ae3d7,6a0c4ebfa54e06e8983ae3d7,6aa5e2a1421fd865aae66c6f,eigen-dynamics-1.0.0::6a0c4ebfa54e06e8983ae3d7::probabilistic::cbw2vwpw,eigen-dynamics-1.0.0,0,probabilistic,2026-09-12 23:50:18.811+00,54216,998,23,1,18,#4A2C4D,8,circle|large|horizontal|orange,"{2,8,1,7}",1,1,8,circle|large|horizontal|orange,1,1,10,0,1,1,1,1,2,2,3,1,
6a0c4ebfa54e06e8983ae3d7,6a0c4ebfa54e06e8983ae3d7,6aa5e2a1421fd865aae66c6f,eigen-dynamics-1.0.0::6a0c4ebfa54e06e8983ae3d7::probabilistic::cbw2vwpw,eigen-dynamics-1.0.0,0,probabilistic,2026-09-12 23:50:20.245+00,55650,1082,24,1,19,#4A2C4D,8,circle|large|horizontal|orange,"{11,15,14,8}",3,3,8,circle|large|horizontal|orange,1,1,11,0,1,1,1,1,2,1,2,4,criterion
6a0c4ebfa54e06e8983ae3d7,6a0c4ebfa54e06e8983ae3d7,6aa5e2a1421fd865aae66c6f,eigen-dynamics-1.0.0::6a0c4ebfa54e06e8983ae3d7::probabilistic::cbw2vwpw,eigen-dynamics-1.0.0,0,probabilistic,2026-09-12 23:50:22.729+00,58134,2132,25,2,1,#1E4438,2,circle|small|horizontal|blue,"{14,15,2,9}",2,0,14,circle|small|vertical|orange,0,0,11,2,1,1,0,0,2,3,2,1,
6a0c4ebfa54e06e8983ae3d7,6a0c4ebfa54e06e8983ae3d7,6aa5e2a1421fd865aae66c6f,eigen-dynamics-1.0.0::6a0c4ebfa54e06e8983ae3d7::probabilistic::cbw2vwpw,eigen-dynamics-1.0.0,0,probabilistic,2026-09-12 23:50:25.445+00,60850,2365,26,2,2,#1E4438,2,circle|small|horizontal|blue,"{15,0,4,2}",3,2,4,circle|large|vertical|blue,0,0,11,2,1,0,0,1,3,2,2,3,
6a0c4ebfa54e06e8983ae3d7,6a0c4ebfa54e06e8983ae3d7,6aa5e2a1421fd865aae66c6f,eigen-dynamics-1.0.0::6a0c4ebfa54e06e8983ae3d7::probabilistic::cbw2vwpw,eigen-dynamics-1.0.0,0,probabilistic,2026-09-12 23:50:26.728+00,62133,930,27,2,3,#1E4438,2,circle|small|horizontal|blue,"{2,12,10,15}",0,3,15,square|small|vertical|orange,0,1,12,3,0,1,0,0,3,3,2,1,
6a0c4ebfa54e06e8983ae3d7,6a0c4ebfa54e06e8983ae3d7,6aa5e2a1421fd865aae66c6f,eigen-dynamics-1.0.0::6a0c4ebfa54e06e8983ae3d7::probabilistic::cbw2vwpw,eigen-dynamics-1.0.0,0,probabilistic,2026-09-12 23:50:28.145+00,63550,1064,28,2,4,#1E4438,2,circle|small|horizontal|blue,"{14,2,15,10}",1,2,15,square|small|vertical|orange,0,0,12,3,0,1,0,0,3,4,2,1,
6a0c4ebfa54e06e8983ae3d7,6a0c4ebfa54e06e8983ae3d7,6aa5e2a1421fd865aae66c6f,eigen-dynamics-1.0.0::6a0c4ebfa54e06e8983ae3d7::probabilistic::cbw2vwpw,eigen-dynamics-1.0.0,0,probabilistic,2026-09-12 23:50:29.361+00,64766,864,29,2,5,#1E4438,2,circle|small|horizontal|blue,"{13,0,2,8}",2,0,13,square|large|vertical|orange,0,0,12,4,0,0,0,0,3,1,3,2,
6a0c4ebfa54e06e8983ae3d7,6a0c4ebfa54e06e8983ae3d7,6aa5e2a1421fd865aae66c6f,eigen-dynamics-1.0.0::6a0c4ebfa54e06e8983ae3d7::probabilistic::cbw2vwpw,eigen-dynamics-1.0.0,0,probabilistic,2026-09-12 23:50:30.544+00,65949,831,30,2,6,#1E4438,2,circle|small|horizontal|blue,"{10,12,2,11}",2,3,11,square|small|horizontal|orange,0,0,12,2,0,1,1,0,3,3,3,1,
6a0c4ebfa54e06e8983ae3d7,6a0c4ebfa54e06e8983ae3d7,6aa5e2a1421fd865aae66c6f,eigen-dynamics-1.0.0::6a0c4ebfa54e06e8983ae3d7::probabilistic::cbw2vwpw,eigen-dynamics-1.0.0,0,probabilistic,2026-09-12 23:50:31.911+00,67316,1015,31,2,7,#1E4438,2,circle|small|horizontal|blue,"{15,0,14,2}",3,0,15,square|small|vertical|orange,0,0,12,3,0,1,0,0,3,3,2,2,
6a0c4ebfa54e06e8983ae3d7,6a0c4ebfa54e06e8983ae3d7,6aa5e2a1421fd865aae66c6f,eigen-dynamics-1.0.0::6a0c4ebfa54e06e8983ae3d7::probabilistic::cbw2vwpw,eigen-dynamics-1.0.0,0,probabilistic,2026-09-12 23:50:32.978+00,68383,715,32,2,8,#1E4438,2,circle|small|horizontal|blue,"{13,2,5,10}",1,0,13,square|large|vertical|orange,0,0,12,4,0,0,0,0,2,2,2,2,
6a0c4ebfa54e06e8983ae3d7,6a0c4ebfa54e06e8983ae3d7,6aa5e2a1421fd865aae66c6f,eigen-dynamics-1.0.0::6a0c4ebfa54e06e8983ae3d7::probabilistic::cbw2vwpw,eigen-dynamics-1.0.0,0,probabilistic,2026-09-12 23:50:34.161+00,69566,831,33,2,9,#1E4438,2,circle|small|horizontal|blue,"{2,6,4,5}",0,3,5,square|large|vertical|blue,0,0,12,3,0,0,0,1,3,2,1,4,
6a0c4ebfa54e06e8983ae3d7,6a0c4ebfa54e06e8983ae3d7,6aa5e2a1421fd865aae66c6f,eigen-dynamics-1.0.0::6a0c4ebfa54e06e8983ae3d7::probabilistic::cbw2vwpw,eigen-dynamics-1.0.0,0,probabilistic,2026-09-12 23:50:35.545+00,70950,1031,34,2,10,#1E4438,2,circle|small|horizontal|blue,"{15,5,2,9}",2,1,5,square|large|vertical|blue,0,0,12,3,0,0,0,1,1,2,2,2,
6a0c4ebfa54e06e8983ae3d7,6a0c4ebfa54e06e8983ae3d7,6aa5e2a1421fd865aae66c6f,eigen-dynamics-1.0.0::6a0c4ebfa54e06e8983ae3d7::probabilistic::cbw2vwpw,eigen-dynamics-1.0.0,0,probabilistic,2026-09-12 23:50:36.812+00,72217,915,35,2,11,#1E4438,2,circle|small|horizontal|blue,"{2,0,14,12}",0,3,12,circle|large|vertical|orange,0,0,12,3,1,0,0,0,4,2,2,2,
6a0c4ebfa54e06e8983ae3d7,6a0c4ebfa54e06e8983ae3d7,6aa5e2a1421fd865aae66c6f,eigen-dynamics-1.0.0::6a0c4ebfa54e06e8983ae3d7::probabilistic::cbw2vwpw,eigen-dynamics-1.0.0,0,probabilistic,2026-09-12 23:50:38.128+00,73533,964,36,2,12,#1E4438,2,circle|small|horizontal|blue,"{7,3,2,5}",2,3,5,square|large|vertical|blue,0,0,12,3,0,0,0,1,1,3,2,4,
6a0c4ebfa54e06e8983ae3d7,6a0c4ebfa54e06e8983ae3d7,6aa5e2a1421fd865aae66c6f,eigen-dynamics-1.0.0::6a0c4ebfa54e06e8983ae3d7::probabilistic::cbw2vwpw,eigen-dynamics-1.0.0,0,probabilistic,2026-09-12 23:50:39.295+00,74700,814,37,2,13,#1E4438,2,circle|small|horizontal|blue,"{7,2,8,10}",1,2,8,circle|large|horizontal|orange,0,1,13,2,1,0,1,0,3,3,3,2,
6a0c4ebfa54e06e8983ae3d7,6a0c4ebfa54e06e8983ae3d7,6aa5e2a1421fd865aae66c6f,eigen-dynamics-1.0.0::6a0c4ebfa54e06e8983ae3d7::probabilistic::cbw2vwpw,eigen-dynamics-1.0.0,0,probabilistic,2026-09-12 23:50:40.544+00,75949,897,38,2,14,#1E4438,2,circle|small|horizontal|blue,"{3,10,9,2}",3,1,10,circle|small|horizontal|orange,0,0,13,1,1,1,1,0,2,3,4,2,
6a0c4ebfa54e06e8983ae3d7,6a0c4ebfa54e06e8983ae3d7,6aa5e2a1421fd865aae66c6f,eigen-dynamics-1.0.0::6a0c4ebfa54e06e8983ae3d7::probabilistic::cbw2vwpw,eigen-dynamics-1.0.0,0,probabilistic,2026-09-12 23:50:41.727+00,77132,831,39,2,15,#1E4438,2,circle|small|horizontal|blue,"{8,7,2,15}",2,0,8,circle|large|horizontal|orange,0,0,13,2,1,0,1,0,2,3,2,2,
6a0c4ebfa54e06e8983ae3d7,6a0c4ebfa54e06e8983ae3d7,6aa5e2a1421fd865aae66c6f,eigen-dynamics-1.0.0::6a0c4ebfa54e06e8983ae3d7::probabilistic::cbw2vwpw,eigen-dynamics-1.0.0,0,probabilistic,2026-09-12 23:50:42.978+00,78383,900,40,2,16,#1E4438,2,circle|small|horizontal|blue,"{13,2,14,8}",1,3,8,circle|large|horizontal|orange,0,0,13,2,1,0,1,0,3,2,2,1,
6a0c4ebfa54e06e8983ae3d7,6a0c4ebfa54e06e8983ae3d7,6aa5e2a1421fd865aae66c6f,eigen-dynamics-1.0.0::6a0c4ebfa54e06e8983ae3d7::probabilistic::cbw2vwpw,eigen-dynamics-1.0.0,0,probabilistic,2026-09-12 23:50:44.411+00,79817,1081,41,2,17,#1E4438,2,circle|small|horizontal|blue,"{2,0,10,9}",0,3,9,square|large|horizontal|orange,0,0,13,3,0,0,1,0,3,2,4,2,
6a0c4ebfa54e06e8983ae3d7,6a0c4ebfa54e06e8983ae3d7,6aa5e2a1421fd865aae66c6f,eigen-dynamics-1.0.0::6a0c4ebfa54e06e8983ae3d7::probabilistic::cbw2vwpw,eigen-dynamics-1.0.0,0,probabilistic,2026-09-12 23:50:46.128+00,81533,1364,42,2,18,#1E4438,2,circle|small|horizontal|blue,"{14,2,6,11}",1,3,11,square|small|horizontal|orange,0,0,13,2,0,1,1,0,3,4,2,2,
6a0c4ebfa54e06e8983ae3d7,6a0c4ebfa54e06e8983ae3d7,6aa5e2a1421fd865aae66c6f,eigen-dynamics-1.0.0::6a0c4ebfa54e06e8983ae3d7::probabilistic::cbw2vwpw,eigen-dynamics-1.0.0,0,probabilistic,2026-09-12 23:50:47.212+00,82617,731,43,2,19,#1E4438,2,circle|small|horizontal|blue,"{7,2,8,9}",1,2,8,circle|large|horizontal|orange,0,0,13,2,1,0,1,0,2,2,3,2,
6a0c4ebfa54e06e8983ae3d7,6a0c4ebfa54e06e8983ae3d7,6aa5e2a1421fd865aae66c6f,eigen-dynamics-1.0.0::6a0c4ebfa54e06e8983ae3d7::probabilistic::cbw2vwpw,eigen-dynamics-1.0.0,0,probabilistic,2026-09-12 23:50:48.478+00,83883,914,44,2,20,#1E4438,2,circle|small|horizontal|blue,"{12,2,10,6}",1,1,2,circle|small|horizontal|blue,1,1,14,0,1,1,1,1,4,3,2,2,
6a0c4ebfa54e06e8983ae3d7,6a0c4ebfa54e06e8983ae3d7,6aa5e2a1421fd865aae66c6f,eigen-dynamics-1.0.0::6a0c4ebfa54e06e8983ae3d7::probabilistic::cbw2vwpw,eigen-dynamics-1.0.0,0,probabilistic,2026-09-12 23:50:49.961+00,85366,1132,45,2,21,#1E4438,2,circle|small|horizontal|blue,"{6,8,2,13}",2,2,2,circle|small|horizontal|blue,1,1,15,0,1,1,1,1,3,2,2,2,
6a0c4ebfa54e06e8983ae3d7,6a0c4ebfa54e06e8983ae3d7,6aa5e2a1421fd865aae66c6f,eigen-dynamics-1.0.0::6a0c4ebfa54e06e8983ae3d7::probabilistic::cbw2vwpw,eigen-dynamics-1.0.0,0,probabilistic,2026-09-12 23:50:51.094+00,86499,780,46,2,22,#1E4438,2,circle|small|horizontal|blue,"{2,1,11,14}",0,0,2,circle|small|horizontal|blue,1,1,16,0,1,1,1,1,2,3,3,2,
6a0c4ebfa54e06e8983ae3d7,6a0c4ebfa54e06e8983ae3d7,6aa5e2a1421fd865aae66c6f,eigen-dynamics-1.0.0::6a0c4ebfa54e06e8983ae3d7::probabilistic::cbw2vwpw,eigen-dynamics-1.0.0,0,probabilistic,2026-09-12 23:50:52.095+00,87500,648,47,2,23,#1E4438,2,circle|small|horizontal|blue,"{2,9,0,5}",0,0,2,circle|small|horizontal|blue,1,1,17,0,1,1,1,1,2,1,3,3,criterion
6a0c4ebfa54e06e8983ae3d7,6a0c4ebfa54e06e8983ae3d7,6aa5e2a1421fd865aae66c6f,eigen-dynamics-1.0.0::6a0c4ebfa54e06e8983ae3d7::probabilistic::cbw2vwpw,eigen-dynamics-1.0.0,0,probabilistic,2026-09-12 23:50:53.228+00,88633,781,48,3,1,#5A3A1E,4,circle|large|vertical|blue,"{15,9,4,13}",2,2,4,circle|large|vertical|blue,1,1,18,0,1,1,1,1,1,3,3,1,
6a0c4ebfa54e06e8983ae3d7,6a0c4ebfa54e06e8983ae3d7,6aa5e2a1421fd865aae66c6f,eigen-dynamics-1.0.0::6a0c4ebfa54e06e8983ae3d7::probabilistic::cbw2vwpw,eigen-dynamics-1.0.0,0,probabilistic,2026-09-12 23:50:55.311+00,90716,1731,49,3,2,#5A3A1E,4,circle|large|vertical|blue,"{14,15,5,4}",3,3,4,circle|large|vertical|blue,1,1,19,0,1,1,1,1,2,2,4,2,
6a0c4ebfa54e06e8983ae3d7,6a0c4ebfa54e06e8983ae3d7,6aa5e2a1421fd865aae66c6f,eigen-dynamics-1.0.0::6a0c4ebfa54e06e8983ae3d7::probabilistic::cbw2vwpw,eigen-dynamics-1.0.0,0,probabilistic,2026-09-12 23:50:56.427+00,91833,765,50,3,3,#5A3A1E,4,circle|large|vertical|blue,"{4,10,5,13}",0,0,4,circle|large|vertical|blue,1,1,20,0,1,1,1,1,2,3,3,2,
6a0c4ebfa54e06e8983ae3d7,6a0c4ebfa54e06e8983ae3d7,6aa5e2a1421fd865aae66c6f,eigen-dynamics-1.0.0::6a0c4ebfa54e06e8983ae3d7::probabilistic::cbw2vwpw,eigen-dynamics-1.0.0,0,probabilistic,2026-09-12 23:50:57.862+00,93267,1082,51,3,4,#5A3A1E,4,circle|large|vertical|blue,"{10,3,4,0}",2,2,4,circle|large|vertical|blue,1,1,21,0,1,1,1,1,3,2,1,3,
6a0c4ebfa54e06e8983ae3d7,6a0c4ebfa54e06e8983ae3d7,6aa5e2a1421fd865aae66c6f,eigen-dynamics-1.0.0::6a0c4ebfa54e06e8983ae3d7::probabilistic::cbw2vwpw,eigen-dynamics-1.0.0,0,probabilistic,2026-09-12 23:50:58.944+00,94349,730,52,3,5,#5A3A1E,4,circle|large|vertical|blue,"{4,11,5,6}",0,0,4,circle|large|vertical|blue,1,1,22,0,1,1,1,1,2,2,3,3,
6a0c4ebfa54e06e8983ae3d7,6a0c4ebfa54e06e8983ae3d7,6aa5e2a1421fd865aae66c6f,eigen-dynamics-1.0.0::6a0c4ebfa54e06e8983ae3d7::probabilistic::cbw2vwpw,eigen-dynamics-1.0.0,0,probabilistic,2026-09-12 23:51:00.044+00,95449,748,53,3,6,#5A3A1E,4,circle|large|vertical|blue,"{13,7,5,4}",3,3,4,circle|large|vertical|blue,1,0,22,0,1,1,1,1,1,3,4,3,criterion
6a0c4ebfa54e06e8983ae3d7,6a0c4ebfa54e06e8983ae3d7,6aa5e2a1421fd865aae66c6f,eigen-dynamics-1.0.0::6a0c4ebfa54e06e8983ae3d7::probabilistic::cbw2vwpw,eigen-dynamics-1.0.0,0,probabilistic,2026-09-12 23:51:01.878+00,97283,1481,54,4,1,#3B2E5A,14,circle|small|vertical|orange,"{10,6,1,14}",3,2,1,square|large|horizontal|blue,0,1,23,4,0,0,0,0,3,3,2,2,
6a0c4ebfa54e06e8983ae3d7,6a0c4ebfa54e06e8983ae3d7,6aa5e2a1421fd865aae66c6f,eigen-dynamics-1.0.0::6a0c4ebfa54e06e8983ae3d7::probabilistic::cbw2vwpw,eigen-dynamics-1.0.0,0,probabilistic,2026-09-12 23:51:03.078+00,98483,848,55,4,2,#3B2E5A,14,circle|small|vertical|orange,"{14,1,15,4}",0,1,1,square|large|horizontal|blue,0,0,23,4,0,0,0,0,2,2,3,2,
6a0c4ebfa54e06e8983ae3d7,6a0c4ebfa54e06e8983ae3d7,6aa5e2a1421fd865aae66c6f,eigen-dynamics-1.0.0::6a0c4ebfa54e06e8983ae3d7::probabilistic::cbw2vwpw,eigen-dynamics-1.0.0,0,probabilistic,2026-09-12 23:51:04.128+00,99533,697,56,4,3,#3B2E5A,14,circle|small|vertical|orange,"{12,14,11,5}",1,3,5,square|large|vertical|blue,0,0,23,3,0,0,1,0,2,2,3,3,
6a0c4ebfa54e06e8983ae3d7,6a0c4ebfa54e06e8983ae3d7,6aa5e2a1421fd865aae66c6f,eigen-dynamics-1.0.0::6a0c4ebfa54e06e8983ae3d7::probabilistic::cbw2vwpw,eigen-dynamics-1.0.0,0,probabilistic,2026-09-12 23:51:05.311+00,100716,832,57,4,4,#3B2E5A,14,circle|small|vertical|orange,"{6,2,14,11}",2,0,6,circle|small|vertical|blue,0,0,23,1,1,1,1,0,3,4,2,2,
6a0c4ebfa54e06e8983ae3d7,6a0c4ebfa54e06e8983ae3d7,6aa5e2a1421fd865aae66c6f,eigen-dynamics-1.0.0::6a0c4ebfa54e06e8983ae3d7::probabilistic::cbw2vwpw,eigen-dynamics-1.0.0,0,probabilistic,2026-09-12 23:51:06.395+00,101800,731,58,4,5,#3B2E5A,14,circle|small|vertical|orange,"{10,12,14,11}",2,1,12,circle|large|vertical|orange,0,0,23,1,1,0,1,1,3,3,2,4,
6a0c4ebfa54e06e8983ae3d7,6a0c4ebfa54e06e8983ae3d7,6aa5e2a1421fd865aae66c6f,eigen-dynamics-1.0.0::6a0c4ebfa54e06e8983ae3d7::probabilistic::cbw2vwpw,eigen-dynamics-1.0.0,0,probabilistic,2026-09-12 23:51:07.461+00,102866,714,59,4,6,#3B2E5A,14,circle|small|vertical|orange,"{14,12,9,7}",0,3,7,square|small|vertical|blue,0,1,24,2,0,1,1,0,2,2,3,3,
6a0c4ebfa54e06e8983ae3d7,6a0c4ebfa54e06e8983ae3d7,6aa5e2a1421fd865aae66c6f,eigen-dynamics-1.0.0::6a0c4ebfa54e06e8983ae3d7::probabilistic::cbw2vwpw,eigen-dynamics-1.0.0,0,probabilistic,2026-09-12 23:51:08.611+00,104016,797,60,4,7,#3B2E5A,14,circle|small|vertical|orange,"{3,1,8,14}",3,0,3,square|small|horizontal|blue,0,0,24,3,0,1,0,0,2,2,1,2,
6a0c4ebfa54e06e8983ae3d7,6a0c4ebfa54e06e8983ae3d7,6aa5e2a1421fd865aae66c6f,eigen-dynamics-1.0.0::6a0c4ebfa54e06e8983ae3d7::probabilistic::cbw2vwpw,eigen-dynamics-1.0.0,0,probabilistic,2026-09-12 23:51:10.361+00,105766,1398,61,4,8,#3B2E5A,14,circle|small|vertical|orange,"{9,15,13,14}",3,1,15,square|small|vertical|orange,0,0,24,1,0,1,1,1,1,2,3,4,
6a0c4ebfa54e06e8983ae3d7,6a0c4ebfa54e06e8983ae3d7,6aa5e2a1421fd865aae66c6f,eigen-dynamics-1.0.0::6a0c4ebfa54e06e8983ae3d7::probabilistic::cbw2vwpw,eigen-dynamics-1.0.0,0,probabilistic,2026-09-12 23:51:11.494+00,106899,781,62,4,9,#3B2E5A,14,circle|small|vertical|orange,"{3,4,14,9}",2,3,9,square|large|horizontal|orange,0,0,24,3,0,0,0,1,2,2,2,2,
6a0c4ebfa54e06e8983ae3d7,6a0c4ebfa54e06e8983ae3d7,6aa5e2a1421fd865aae66c6f,eigen-dynamics-1.0.0::6a0c4ebfa54e06e8983ae3d7::probabilistic::cbw2vwpw,eigen-dynamics-1.0.0,0,probabilistic,2026-09-12 23:51:12.71+00,108115,864,63,4,10,#3B2E5A,14,circle|small|vertical|orange,"{14,1,4,10}",0,1,1,square|large|horizontal|blue,0,0,24,4,0,0,0,0,3,2,2,2,
6a0c4ebfa54e06e8983ae3d7,6a0c4ebfa54e06e8983ae3d7,6aa5e2a1421fd865aae66c6f,eigen-dynamics-1.0.0::6a0c4ebfa54e06e8983ae3d7::probabilistic::cbw2vwpw,eigen-dynamics-1.0.0,0,probabilistic,2026-09-12 23:51:13.911+00,109316,849,64,4,11,#3B2E5A,14,circle|small|vertical|orange,"{9,2,14,6}",2,0,9,square|large|horizontal|orange,0,0,24,3,0,0,0,1,3,3,2,2,
6a0c4ebfa54e06e8983ae3d7,6a0c4ebfa54e06e8983ae3d7,6aa5e2a1421fd865aae66c6f,eigen-dynamics-1.0.0::6a0c4ebfa54e06e8983ae3d7::probabilistic::cbw2vwpw,eigen-dynamics-1.0.0,0,probabilistic,2026-09-12 23:51:15.144+00,110549,881,65,4,12,#3B2E5A,14,circle|small|vertical|orange,"{9,14,11,6}",1,3,6,circle|small|vertical|blue,0,0,24,1,1,1,1,0,2,3,2,3,
6a0c4ebfa54e06e8983ae3d7,6a0c4ebfa54e06e8983ae3d7,6aa5e2a1421fd865aae66c6f,eigen-dynamics-1.0.0::6a0c4ebfa54e06e8983ae3d7::probabilistic::cbw2vwpw,eigen-dynamics-1.0.0,0,probabilistic,2026-09-12 23:51:16.228+00,111633,732,66,4,13,#3B2E5A,14,circle|small|vertical|orange,"{5,13,14,8}",2,1,13,square|large|vertical|orange,0,0,24,2,0,0,1,1,2,1,3,3,
6a0c4ebfa54e06e8983ae3d7,6a0c4ebfa54e06e8983ae3d7,6aa5e2a1421fd865aae66c6f,eigen-dynamics-1.0.0::6a0c4ebfa54e06e8983ae3d7::probabilistic::cbw2vwpw,eigen-dynamics-1.0.0,0,probabilistic,2026-09-12 23:51:17.627+00,113033,1047,67,4,14,#3B2E5A,14,circle|small|vertical|orange,"{6,0,10,14}",3,1,0,circle|large|horizontal|blue,0,0,24,3,1,0,0,0,4,3,2,2,
6a0c4ebfa54e06e8983ae3d7,6a0c4ebfa54e06e8983ae3d7,6aa5e2a1421fd865aae66c6f,eigen-dynamics-1.0.0::6a0c4ebfa54e06e8983ae3d7::probabilistic::cbw2vwpw,eigen-dynamics-1.0.0,0,probabilistic,2026-09-12 23:51:18.694+00,114100,716,68,4,15,#3B2E5A,14,circle|small|vertical|orange,"{5,14,9,15}",1,0,5,square|large|vertical|blue,0,0,24,3,0,0,1,0,1,2,3,3,
6a0c4ebfa54e06e8983ae3d7,6a0c4ebfa54e06e8983ae3d7,6aa5e2a1421fd865aae66c6f,eigen-dynamics-1.0.0::6a0c4ebfa54e06e8983ae3d7::probabilistic::cbw2vwpw,eigen-dynamics-1.0.0,0,probabilistic,2026-09-12 23:51:19.661+00,115066,614,69,4,16,#3B2E5A,14,circle|small|vertical|orange,"{12,14,4,10}",1,2,4,circle|large|vertical|blue,0,0,24,2,1,0,1,0,4,2,3,3,
6a0c4ebfa54e06e8983ae3d7,6a0c4ebfa54e06e8983ae3d7,6aa5e2a1421fd865aae66c6f,eigen-dynamics-1.0.0::6a0c4ebfa54e06e8983ae3d7::probabilistic::cbw2vwpw,eigen-dynamics-1.0.0,0,probabilistic,2026-09-12 23:51:20.778+00,116183,764,70,4,17,#3B2E5A,14,circle|small|vertical|orange,"{14,15,7,13}",0,3,13,square|large|vertical|orange,0,0,24,2,0,0,1,1,1,3,4,3,
6a0c4ebfa54e06e8983ae3d7,6a0c4ebfa54e06e8983ae3d7,6aa5e2a1421fd865aae66c6f,eigen-dynamics-1.0.0::6a0c4ebfa54e06e8983ae3d7::probabilistic::cbw2vwpw,eigen-dynamics-1.0.0,0,probabilistic,2026-09-12 23:51:21.977+00,117382,847,71,4,18,#3B2E5A,14,circle|small|vertical|orange,"{15,9,7,14}",3,1,9,square|large|horizontal|orange,0,0,24,3,0,0,0,1,1,3,3,3,
6a0c4ebfa54e06e8983ae3d7,6a0c4ebfa54e06e8983ae3d7,6aa5e2a1421fd865aae66c6f,eigen-dynamics-1.0.0::6a0c4ebfa54e06e8983ae3d7::probabilistic::cbw2vwpw,eigen-dynamics-1.0.0,0,probabilistic,2026-09-12 23:51:23.161+00,118566,832,72,4,19,#3B2E5A,14,circle|small|vertical|orange,"{11,1,0,14}",3,2,0,circle|large|horizontal|blue,0,0,24,3,1,0,0,0,2,2,1,2,
6a0c4ebfa54e06e8983ae3d7,6a0c4ebfa54e06e8983ae3d7,6aa5e2a1421fd865aae66c6f,eigen-dynamics-1.0.0::6a0c4ebfa54e06e8983ae3d7::probabilistic::cbw2vwpw,eigen-dynamics-1.0.0,0,probabilistic,2026-09-12 23:51:24.227+00,119633,714,73,4,20,#3B2E5A,14,circle|small|vertical|orange,"{11,7,14,8}",2,3,8,circle|large|horizontal|orange,0,0,24,2,1,0,0,1,2,3,2,3,
6a0c4ebfa54e06e8983ae3d7,6a0c4ebfa54e06e8983ae3d7,6aa5e2a1421fd865aae66c6f,eigen-dynamics-1.0.0::6a0c4ebfa54e06e8983ae3d7::probabilistic::cbw2vwpw,eigen-dynamics-1.0.0,0,probabilistic,2026-09-12 23:51:25.611+00,121016,1032,74,4,21,#3B2E5A,14,circle|small|vertical|orange,"{2,13,14,0}",2,3,0,circle|large|horizontal|blue,0,0,24,3,1,0,0,0,3,2,2,2,
6a0c4ebfa54e06e8983ae3d7,6a0c4ebfa54e06e8983ae3d7,6aa5e2a1421fd865aae66c6f,eigen-dynamics-1.0.0::6a0c4ebfa54e06e8983ae3d7::probabilistic::cbw2vwpw,eigen-dynamics-1.0.0,0,probabilistic,2026-09-12 23:51:26.562+00,121967,599,75,4,22,#3B2E5A,14,circle|small|vertical|orange,"{13,10,6,14}",3,1,10,circle|small|horizontal|orange,0,0,24,1,1,1,0,1,3,3,3,3,
6a0c4ebfa54e06e8983ae3d7,6a0c4ebfa54e06e8983ae3d7,6aa5e2a1421fd865aae66c6f,eigen-dynamics-1.0.0::6a0c4ebfa54e06e8983ae3d7::probabilistic::cbw2vwpw,eigen-dynamics-1.0.0,0,probabilistic,2026-09-12 23:51:27.644+00,123050,730,76,4,23,#3B2E5A,14,circle|small|vertical|orange,"{13,4,7,14}",3,3,14,circle|small|vertical|orange,1,1,25,0,1,1,1,1,2,2,4,2,
6a0c4ebfa54e06e8983ae3d7,6a0c4ebfa54e06e8983ae3d7,6aa5e2a1421fd865aae66c6f,eigen-dynamics-1.0.0::6a0c4ebfa54e06e8983ae3d7::probabilistic::cbw2vwpw,eigen-dynamics-1.0.0,0,probabilistic,2026-09-12 23:51:28.727+00,124132,730,77,4,24,#3B2E5A,14,circle|small|vertical|orange,"{13,10,14,11}",2,1,10,circle|small|horizontal|orange,0,0,25,1,1,1,0,1,2,3,2,4,
6a0c4ebfa54e06e8983ae3d7,6a0c4ebfa54e06e8983ae3d7,6aa5e2a1421fd865aae66c6f,eigen-dynamics-1.0.0::6a0c4ebfa54e06e8983ae3d7::probabilistic::cbw2vwpw,eigen-dynamics-1.0.0,0,probabilistic,2026-09-12 23:51:29.961+00,125366,882,78,4,25,#3B2E5A,14,circle|small|vertical|orange,"{9,10,14,7}",2,2,14,circle|small|vertical|orange,1,1,26,0,1,1,1,1,2,3,2,3,
6a0c4ebfa54e06e8983ae3d7,6a0c4ebfa54e06e8983ae3d7,6aa5e2a1421fd865aae66c6f,eigen-dynamics-1.0.0::6a0c4ebfa54e06e8983ae3d7::probabilistic::cbw2vwpw,eigen-dynamics-1.0.0,0,probabilistic,2026-09-12 23:51:31.194+00,126599,882,79,4,26,#3B2E5A,14,circle|small|vertical|orange,"{0,8,4,14}",3,3,14,circle|small|vertical|orange,1,1,27,0,1,1,1,1,4,1,2,2,
6a0c4ebfa54e06e8983ae3d7,6a0c4ebfa54e06e8983ae3d7,6aa5e2a1421fd865aae66c6f,eigen-dynamics-1.0.0::6a0c4ebfa54e06e8983ae3d7::probabilistic::cbw2vwpw,eigen-dynamics-1.0.0,0,probabilistic,2026-09-12 23:51:32.277+00,127682,731,80,4,27,#3B2E5A,14,circle|small|vertical|orange,"{4,9,14,1}",2,2,14,circle|small|vertical|orange,1,1,28,0,1,1,1,1,2,1,2,2,criterion
6a0c4ebfa54e06e8983ae3d7,6a0c4ebfa54e06e8983ae3d7,6aa5e2a1421fd865aae66c6f,eigen-dynamics-1.0.0::6a0c4ebfa54e06e8983ae3d7::probabilistic::cbw2vwpw,eigen-dynamics-1.0.0,0,probabilistic,2026-09-12 23:51:35.16+00,130565,2531,81,5,1,#14434A,4,circle|large|vertical|blue,"{11,4,1,5}",1,2,1,square|large|horizontal|blue,0,0,28,2,0,1,0,1,1,3,2,3,
6a0c4ebfa54e06e8983ae3d7,6a0c4ebfa54e06e8983ae3d7,6aa5e2a1421fd865aae66c6f,eigen-dynamics-1.0.0::6a0c4ebfa54e06e8983ae3d7::probabilistic::cbw2vwpw,eigen-dynamics-1.0.0,0,probabilistic,2026-09-12 23:51:36.194+00,131599,682,82,5,2,#14434A,4,circle|large|vertical|blue,"{3,2,8,4}",3,3,4,circle|large|vertical|blue,1,1,29,0,1,1,1,1,3,2,1,3,
6a0c4ebfa54e06e8983ae3d7,6a0c4ebfa54e06e8983ae3d7,6aa5e2a1421fd865aae66c6f,eigen-dynamics-1.0.0::6a0c4ebfa54e06e8983ae3d7::probabilistic::cbw2vwpw,eigen-dynamics-1.0.0,0,probabilistic,2026-09-12 23:51:37.327+00,132732,782,83,5,3,#14434A,4,circle|large|vertical|blue,"{4,10,6,11}",0,0,4,circle|large|vertical|blue,1,1,30,0,1,1,1,1,3,1,2,2,
6a0c4ebfa54e06e8983ae3d7,6a0c4ebfa54e06e8983ae3d7,6aa5e2a1421fd865aae66c6f,eigen-dynamics-1.0.0::6a0c4ebfa54e06e8983ae3d7::probabilistic::cbw2vwpw,eigen-dynamics-1.0.0,0,probabilistic,2026-09-12 23:51:38.344+00,133749,665,84,5,4,#14434A,4,circle|large|vertical|blue,"{2,6,12,4}",3,3,4,circle|large|vertical|blue,1,0,30,0,1,1,1,1,4,2,3,3,
6a0c4ebfa54e06e8983ae3d7,6a0c4ebfa54e06e8983ae3d7,6aa5e2a1421fd865aae66c6f,eigen-dynamics-1.0.0::6a0c4ebfa54e06e8983ae3d7::probabilistic::cbw2vwpw,eigen-dynamics-1.0.0,0,probabilistic,2026-09-12 23:51:39.628+00,135033,932,85,5,5,#14434A,4,circle|large|vertical|blue,"{11,1,4,3}",2,2,4,circle|large|vertical|blue,1,1,31,0,1,1,1,1,1,2,1,3,
6a0c4ebfa54e06e8983ae3d7,6a0c4ebfa54e06e8983ae3d7,6aa5e2a1421fd865aae66c6f,eigen-dynamics-1.0.0::6a0c4ebfa54e06e8983ae3d7::probabilistic::cbw2vwpw,eigen-dynamics-1.0.0,0,probabilistic,2026-09-12 23:51:40.728+00,136133,748,86,5,6,#14434A,4,circle|large|vertical|blue,"{6,4,14,5}",1,1,4,circle|large|vertical|blue,1,1,32,0,1,1,1,1,3,2,4,3,criterion
6a0c4ebfa54e06e8983ae3d7,6a0c4ebfa54e06e8983ae3d7,6aa5e2a1421fd865aae66c6f,eigen-dynamics-1.0.0::6a0c4ebfa54e06e8983ae3d7::probabilistic::cbw2vwpw,eigen-dynamics-1.0.0,0,probabilistic,2026-09-12 23:51:43.094+00,138500,2014,87,6,1,#5A2330,15,square|small|vertical|orange,"{3,10,15,13}",2,3,13,square|large|vertical|orange,0,0,32,1,1,0,1,1,3,3,2,3,
6a0c4ebfa54e06e8983ae3d7,6a0c4ebfa54e06e8983ae3d7,6aa5e2a1421fd865aae66c6f,eigen-dynamics-1.0.0::6a0c4ebfa54e06e8983ae3d7::probabilistic::cbw2vwpw,eigen-dynamics-1.0.0,0,probabilistic,2026-09-12 23:51:44.178+00,139583,731,88,6,2,#5A2330,15,square|small|vertical|orange,"{10,2,6,15}",3,2,6,circle|small|vertical|blue,0,0,32,2,0,1,1,0,1,4,2,2,
6a0c4ebfa54e06e8983ae3d7,6a0c4ebfa54e06e8983ae3d7,6aa5e2a1421fd865aae66c6f,eigen-dynamics-1.0.0::6a0c4ebfa54e06e8983ae3d7::probabilistic::cbw2vwpw,eigen-dynamics-1.0.0,0,probabilistic,2026-09-12 23:51:45.377+00,140783,848,89,6,3,#5A2330,15,square|small|vertical|orange,"{10,15,9,3}",1,1,15,square|small|vertical|orange,1,1,33,0,1,1,1,1,3,3,1,3,
6a0c4ebfa54e06e8983ae3d7,6a0c4ebfa54e06e8983ae3d7,6aa5e2a1421fd865aae66c6f,eigen-dynamics-1.0.0::6a0c4ebfa54e06e8983ae3d7::probabilistic::cbw2vwpw,eigen-dynamics-1.0.0,0,probabilistic,2026-09-12 23:51:46.411+00,141816,682,90,6,4,#5A2330,15,square|small|vertical|orange,"{12,15,9,14}",1,1,15,square|small|vertical|orange,1,1,34,0,1,1,1,1,2,2,3,4,
6a0c4ebfa54e06e8983ae3d7,6a0c4ebfa54e06e8983ae3d7,6aa5e2a1421fd865aae66c6f,eigen-dynamics-1.0.0::6a0c4ebfa54e06e8983ae3d7::probabilistic::cbw2vwpw,eigen-dynamics-1.0.0,0,probabilistic,2026-09-12 23:51:47.327+00,142732,565,91,6,5,#5A2330,15,square|small|vertical|orange,"{4,15,11,13}",1,1,15,square|small|vertical|orange,1,1,35,0,1,1,1,1,3,2,3,3,
6a0c4ebfa54e06e8983ae3d7,6a0c4ebfa54e06e8983ae3d7,6aa5e2a1421fd865aae66c6f,eigen-dynamics-1.0.0::6a0c4ebfa54e06e8983ae3d7::probabilistic::cbw2vwpw,eigen-dynamics-1.0.0,0,probabilistic,2026-09-12 23:51:48.328+00,143733,649,92,6,6,#5A2330,15,square|small|vertical|orange,"{15,7,9,5}",0,1,7,square|small|vertical|blue,0,0,35,1,1,1,1,0,4,2,3,2,
6a0c4ebfa54e06e8983ae3d7,6a0c4ebfa54e06e8983ae3d7,6aa5e2a1421fd865aae66c6f,eigen-dynamics-1.0.0::6a0c4ebfa54e06e8983ae3d7::probabilistic::cbw2vwpw,eigen-dynamics-1.0.0,0,probabilistic,2026-09-12 23:51:49.76+00,145165,1081,93,6,7,#5A2330,15,square|small|vertical|orange,"{10,14,15,8}",2,2,15,square|small|vertical|orange,1,1,36,0,1,1,1,1,1,3,2,4,criterion
6a0c4ebfa54e06e8983ae3d7,6a0c4ebfa54e06e8983ae3d7,6aa5e2a1421fd865aae66c6f,eigen-dynamics-1.0.0::6a0c4ebfa54e06e8983ae3d7::probabilistic::cbw2vwpw,eigen-dynamics-1.0.0,0,probabilistic,2026-09-12 23:51:50.828+00,146233,717,94,7,1,#2E4020,1,square|large|horizontal|blue,"{6,1,13,15}",1,2,13,square|large|vertical|orange,0,0,36,2,1,1,0,0,3,2,1,2,
6a0c4ebfa54e06e8983ae3d7,6a0c4ebfa54e06e8983ae3d7,6aa5e2a1421fd865aae66c6f,eigen-dynamics-1.0.0::6a0c4ebfa54e06e8983ae3d7::probabilistic::cbw2vwpw,eigen-dynamics-1.0.0,0,probabilistic,2026-09-12 23:51:52.294+00,147699,1114,95,7,2,#2E4020,1,square|large|horizontal|blue,"{4,8,1,3}",2,3,3,square|small|horizontal|blue,0,0,36,1,1,0,1,1,2,3,3,3,
6a0c4ebfa54e06e8983ae3d7,6a0c4ebfa54e06e8983ae3d7,6aa5e2a1421fd865aae66c6f,eigen-dynamics-1.0.0::6a0c4ebfa54e06e8983ae3d7::probabilistic::cbw2vwpw,eigen-dynamics-1.0.0,0,probabilistic,2026-09-12 23:51:53.31+00,148716,665,96,7,3,#2E4020,1,square|large|horizontal|blue,"{4,0,1,3}",2,1,0,circle|large|horizontal|blue,0,0,36,1,0,1,1,1,2,3,3,4,
6a0c4ebfa54e06e8983ae3d7,6a0c4ebfa54e06e8983ae3d7,6aa5e2a1421fd865aae66c6f,eigen-dynamics-1.0.0::6a0c4ebfa54e06e8983ae3d7::probabilistic::cbw2vwpw,eigen-dynamics-1.0.0,0,probabilistic,2026-09-12 23:51:56.527+00,151933,2865,97,7,4,#2E4020,1,square|large|horizontal|blue,"{1,13,7,10}",0,0,1,square|large|horizontal|blue,1,1,37,0,1,1,1,1,3,2,2,2,
6a0c4ebfa54e06e8983ae3d7,6a0c4ebfa54e06e8983ae3d7,6aa5e2a1421fd865aae66c6f,eigen-dynamics-1.0.0::6a0c4ebfa54e06e8983ae3d7::probabilistic::cbw2vwpw,eigen-dynamics-1.0.0,0,probabilistic,2026-09-12 23:51:57.594+00,152999,715,98,7,5,#2E4020,1,square|large|horizontal|blue,"{14,6,1,13}",2,2,1,square|large|horizontal|blue,1,1,38,0,1,1,1,1,2,2,1,2,
6a0c4ebfa54e06e8983ae3d7,6a0c4ebfa54e06e8983ae3d7,6aa5e2a1421fd865aae66c6f,eigen-dynamics-1.0.0::6a0c4ebfa54e06e8983ae3d7::probabilistic::cbw2vwpw,eigen-dynamics-1.0.0,0,probabilistic,2026-09-12 23:51:58.677+00,154082,731,99,7,6,#2E4020,1,square|large|horizontal|blue,"{6,8,14,1}",3,3,1,square|large|horizontal|blue,1,0,38,0,1,1,1,1,1,2,2,2,
6a0c4ebfa54e06e8983ae3d7,6a0c4ebfa54e06e8983ae3d7,6aa5e2a1421fd865aae66c6f,eigen-dynamics-1.0.0::6a0c4ebfa54e06e8983ae3d7::probabilistic::cbw2vwpw,eigen-dynamics-1.0.0,0,probabilistic,2026-09-12 23:51:59.811+00,155216,782,100,7,7,#2E4020,1,square|large|horizontal|blue,"{5,8,7,1}",3,0,5,square|large|vertical|blue,0,1,39,1,1,1,0,1,3,3,2,3,
6a0c4ebfa54e06e8983ae3d7,6a0c4ebfa54e06e8983ae3d7,6aa5e2a1421fd865aae66c6f,eigen-dynamics-1.0.0::6a0c4ebfa54e06e8983ae3d7::probabilistic::cbw2vwpw,eigen-dynamics-1.0.0,0,probabilistic,2026-09-12 23:52:01.378+00,156783,1215,101,7,8,#2E4020,1,square|large|horizontal|blue,"{15,1,4,0}",1,1,1,square|large|horizontal|blue,1,0,39,0,1,1,1,1,2,3,2,3,criterion
6a0c4ebfa54e06e8983ae3d7,6a0c4ebfa54e06e8983ae3d7,6aa5e2a1421fd865aae66c6f,eigen-dynamics-1.0.0::6a0c4ebfa54e06e8983ae3d7::probabilistic::cbw2vwpw,eigen-dynamics-1.0.0,0,probabilistic,2026-09-12 23:52:02.344+00,157749,614,102,8,1,#1F3A5F,11,square|small|horizontal|orange,"{10,5,15,11}",3,1,5,square|large|vertical|blue,0,0,39,3,1,0,0,0,3,3,2,3,
6a0c4ebfa54e06e8983ae3d7,6a0c4ebfa54e06e8983ae3d7,6aa5e2a1421fd865aae66c6f,eigen-dynamics-1.0.0::6a0c4ebfa54e06e8983ae3d7::probabilistic::cbw2vwpw,eigen-dynamics-1.0.0,0,probabilistic,2026-09-12 23:52:03.394+00,158799,697,103,8,2,#1F3A5F,11,square|small|horizontal|orange,"{11,0,15,9}",0,0,11,square|small|horizontal|orange,1,1,40,0,1,1,1,1,3,2,3,3,
6a0c4ebfa54e06e8983ae3d7,6a0c4ebfa54e06e8983ae3d7,6aa5e2a1421fd865aae66c6f,eigen-dynamics-1.0.0::6a0c4ebfa54e06e8983ae3d7::probabilistic::cbw2vwpw,eigen-dynamics-1.0.0,0,probabilistic,2026-09-12 23:52:04.56+00,159965,815,104,8,3,#1F3A5F,11,square|small|horizontal|orange,"{3,11,15,4}",1,1,11,square|small|horizontal|orange,1,1,41,0,1,1,1,1,3,3,2,2,
6a0c4ebfa54e06e8983ae3d7,6a0c4ebfa54e06e8983ae3d7,6aa5e2a1421fd865aae66c6f,eigen-dynamics-1.0.0::6a0c4ebfa54e06e8983ae3d7::probabilistic::cbw2vwpw,eigen-dynamics-1.0.0,0,probabilistic,2026-09-12 23:52:05.561+00,160966,649,105,8,4,#1F3A5F,11,square|small|horizontal|orange,"{2,0,11,6}",2,2,11,square|small|horizontal|orange,1,0,41,0,1,1,1,1,1,3,3,1,
6a0c4ebfa54e06e8983ae3d7,6a0c4ebfa54e06e8983ae3d7,6aa5e2a1421fd865aae66c6f,eigen-dynamics-1.0.0::6a0c4ebfa54e06e8983ae3d7::probabilistic::cbw2vwpw,eigen-dynamics-1.0.0,0,probabilistic,2026-09-12 23:52:06.611+00,162016,698,106,8,5,#1F3A5F,11,square|small|horizontal|orange,"{11,1,6,7}",0,0,11,square|small|horizontal|orange,1,1,42,0,1,1,1,1,3,3,2,1,
6a0c4ebfa54e06e8983ae3d7,6a0c4ebfa54e06e8983ae3d7,6aa5e2a1421fd865aae66c6f,eigen-dynamics-1.0.0::6a0c4ebfa54e06e8983ae3d7::probabilistic::cbw2vwpw,eigen-dynamics-1.0.0,0,probabilistic,2026-09-12 23:52:07.661+00,163066,699,107,8,6,#1F3A5F,11,square|small|horizontal|orange,"{1,11,10,2}",1,1,11,square|small|horizontal|orange,1,1,43,0,1,1,1,1,2,3,4,2,criterion
6a0c4ebfa54e06e8983ae3d7,6a0c4ebfa54e06e8983ae3d7,6aa5e2a1421fd865aae66c6f,eigen-dynamics-1.0.0::6a0c4ebfa54e06e8983ae3d7::probabilistic::cbw2vwpw,eigen-dynamics-1.0.0,0,probabilistic,2026-09-12 23:52:09.427+00,164832,1414,108,9,1,#4A2C4D,8,circle|large|horizontal|orange,"{8,10,1,4}",0,3,4,circle|large|vertical|blue,0,0,43,2,1,1,0,0,3,3,3,2,
6a0c4ebfa54e06e8983ae3d7,6a0c4ebfa54e06e8983ae3d7,6aa5e2a1421fd865aae66c6f,eigen-dynamics-1.0.0::6a0c4ebfa54e06e8983ae3d7::probabilistic::cbw2vwpw,eigen-dynamics-1.0.0,0,probabilistic,2026-09-12 23:52:10.477+00,165882,698,109,9,2,#4A2C4D,8,circle|large|horizontal|orange,"{8,0,2,1}",0,2,2,circle|small|horizontal|blue,0,0,43,2,1,0,1,0,3,3,4,1,
6a0c4ebfa54e06e8983ae3d7,6a0c4ebfa54e06e8983ae3d7,6aa5e2a1421fd865aae66c6f,eigen-dynamics-1.0.0::6a0c4ebfa54e06e8983ae3d7::probabilistic::cbw2vwpw,eigen-dynamics-1.0.0,0,probabilistic,2026-09-12 23:52:11.427+00,166832,597,110,9,3,#4A2C4D,8,circle|large|horizontal|orange,"{1,3,7,8}",3,1,3,square|small|horizontal|blue,0,0,43,3,0,0,1,0,1,2,3,1,
6a0c4ebfa54e06e8983ae3d7,6a0c4ebfa54e06e8983ae3d7,6aa5e2a1421fd865aae66c6f,eigen-dynamics-1.0.0::6a0c4ebfa54e06e8983ae3d7::probabilistic::cbw2vwpw,eigen-dynamics-1.0.0,0,probabilistic,2026-09-12 23:52:12.478+00,167883,699,111,9,4,#4A2C4D,8,circle|large|horizontal|orange,"{7,8,13,5}",1,3,5,square|large|vertical|blue,0,0,43,3,0,1,0,0,1,3,1,2,
6a0c4ebfa54e06e8983ae3d7,6a0c4ebfa54e06e8983ae3d7,6aa5e2a1421fd865aae66c6f,eigen-dynamics-1.0.0::6a0c4ebfa54e06e8983ae3d7::probabilistic::cbw2vwpw,eigen-dynamics-1.0.0,0,probabilistic,2026-09-12 23:52:13.594+00,169000,764,112,9,5,#4A2C4D,8,circle|large|horizontal|orange,"{8,14,11,10}",0,0,8,circle|large|horizontal|orange,1,1,44,0,1,1,1,1,3,1,3,4,
6a0c4ebfa54e06e8983ae3d7,6a0c4ebfa54e06e8983ae3d7,6aa5e2a1421fd865aae66c6f,eigen-dynamics-1.0.0::6a0c4ebfa54e06e8983ae3d7::probabilistic::cbw2vwpw,eigen-dynamics-1.0.0,0,probabilistic,2026-09-12 23:52:14.71+00,170115,764,113,9,6,#4A2C4D,8,circle|large|horizontal|orange,"{0,1,8,5}",2,2,8,circle|large|horizontal|orange,1,1,45,0,1,1,1,1,2,4,3,1,
6a0c4ebfa54e06e8983ae3d7,6a0c4ebfa54e06e8983ae3d7,6aa5e2a1421fd865aae66c6f,eigen-dynamics-1.0.0::6a0c4ebfa54e06e8983ae3d7::probabilistic::cbw2vwpw,eigen-dynamics-1.0.0,0,probabilistic,2026-09-12 23:52:15.661+00,171066,599,114,9,7,#4A2C4D,8,circle|large|horizontal|orange,"{0,8,11,9}",1,1,8,circle|large|horizontal|orange,1,1,46,0,1,1,1,1,2,3,4,3,
6a0c4ebfa54e06e8983ae3d7,6a0c4ebfa54e06e8983ae3d7,6aa5e2a1421fd865aae66c6f,eigen-dynamics-1.0.0::6a0c4ebfa54e06e8983ae3d7::probabilistic::cbw2vwpw,eigen-dynamics-1.0.0,0,probabilistic,2026-09-12 23:52:16.693+00,172099,681,115,9,8,#4A2C4D,8,circle|large|horizontal|orange,"{12,0,8,3}",2,0,12,circle|large|vertical|orange,0,1,47,1,1,1,0,1,3,3,3,2,
6a0c4ebfa54e06e8983ae3d7,6a0c4ebfa54e06e8983ae3d7,6aa5e2a1421fd865aae66c6f,eigen-dynamics-1.0.0::6a0c4ebfa54e06e8983ae3d7::probabilistic::cbw2vwpw,eigen-dynamics-1.0.0,0,probabilistic,2026-09-12 23:52:17.894+00,173300,849,116,9,9,#4A2C4D,8,circle|large|horizontal|orange,"{11,8,6,2}",1,1,8,circle|large|horizontal|orange,1,1,48,0,1,1,1,1,3,1,3,2,criterion
6a0c4ebfa54e06e8983ae3d7,6a0c4ebfa54e06e8983ae3d7,6aa5e2a1421fd865aae66c6f,eigen-dynamics-1.0.0::6a0c4ebfa54e06e8983ae3d7::probabilistic::cbw2vwpw,eigen-dynamics-1.0.0,0,probabilistic,2026-09-12 23:52:18.944+00,174349,697,117,10,1,#1E4438,4,circle|large|vertical|blue,"{5,1,4,10}",2,3,10,circle|small|horizontal|orange,0,0,48,3,1,0,0,0,2,3,2,3,
6a0c4ebfa54e06e8983ae3d7,6a0c4ebfa54e06e8983ae3d7,6aa5e2a1421fd865aae66c6f,eigen-dynamics-1.0.0::6a0c4ebfa54e06e8983ae3d7::probabilistic::cbw2vwpw,eigen-dynamics-1.0.0,0,probabilistic,2026-09-12 23:52:20.127+00,175532,831,118,10,2,#1E4438,4,circle|large|vertical|blue,"{2,8,4,5}",2,3,5,square|large|vertical|blue,0,0,48,1,0,1,1,1,3,3,2,3,
6a0c4ebfa54e06e8983ae3d7,6a0c4ebfa54e06e8983ae3d7,6aa5e2a1421fd865aae66c6f,eigen-dynamics-1.0.0::6a0c4ebfa54e06e8983ae3d7::probabilistic::cbw2vwpw,eigen-dynamics-1.0.0,0,probabilistic,2026-09-12 23:52:21.027+00,176432,548,119,10,3,#1E4438,4,circle|large|vertical|blue,"{10,0,4,7}",2,2,4,circle|large|vertical|blue,1,0,48,0,1,1,1,1,3,2,2,3,
6a0c4ebfa54e06e8983ae3d7,6a0c4ebfa54e06e8983ae3d7,6aa5e2a1421fd865aae66c6f,eigen-dynamics-1.0.0::6a0c4ebfa54e06e8983ae3d7::probabilistic::cbw2vwpw,eigen-dynamics-1.0.0,0,probabilistic,2026-09-12 23:52:21.994+00,177399,615,120,10,4,#1E4438,4,circle|large|vertical|blue,"{13,8,11,4}",3,1,8,circle|large|horizontal|orange,0,1,49,2,1,1,0,0,2,3,2,1,
6a0c4ebfa54e06e8983ae3d7,6a0c4ebfa54e06e8983ae3d7,6aa5e2a1421fd865aae66c6f,eigen-dynamics-1.0.0::6a0c4ebfa54e06e8983ae3d7::probabilistic::cbw2vwpw,eigen-dynamics-1.0.0,0,probabilistic,2026-09-12 23:52:24.077+00,179483,1732,121,10,5,#1E4438,4,circle|large|vertical|blue,"{1,2,13,4}",3,1,2,circle|small|horizontal|blue,0,0,49,2,1,0,0,1,2,3,2,3,
6a0c4ebfa54e06e8983ae3d7,6a0c4ebfa54e06e8983ae3d7,6aa5e2a1421fd865aae66c6f,eigen-dynamics-1.0.0::6a0c4ebfa54e06e8983ae3d7::probabilistic::cbw2vwpw,eigen-dynamics-1.0.0,0,probabilistic,2026-09-12 23:52:25.243+00,180649,814,122,10,6,#1E4438,4,circle|large|vertical|blue,"{3,7,4,9}",2,2,4,circle|large|vertical|blue,1,0,49,0,1,1,1,1,1,2,2,3,
6a25f8ef80608bf72282cd26,6a25f8ef80608bf72282cd26,6aa5e2a1421fd865aae66c6f,eigen-dynamics-1.0.0::6a25f8ef80608bf72282cd26::probabilistic::yw59i8de,eigen-dynamics-1.0.0,0,probabilistic,2026-09-12 23:42:12.655+00,0,22324,0,0,1,#1F3A5F,1,square|large|horizontal|blue,"{1,3,15,4}",0,0,1,square|large|horizontal|blue,1,1,1,0,1,1,1,1,3,2,2,3,
6a25f8ef80608bf72282cd26,6a25f8ef80608bf72282cd26,6aa5e2a1421fd865aae66c6f,eigen-dynamics-1.0.0::6a25f8ef80608bf72282cd26::probabilistic::yw59i8de,eigen-dynamics-1.0.0,0,probabilistic,2026-09-12 23:42:16.488+00,3834,3481,1,0,2,#1F3A5F,1,square|large|horizontal|blue,"{9,1,3,5}",1,3,5,square|large|vertical|blue,0,0,1,1,1,1,0,1,4,3,3,3,
6a25f8ef80608bf72282cd26,6a25f8ef80608bf72282cd26,6aa5e2a1421fd865aae66c6f,eigen-dynamics-1.0.0::6a25f8ef80608bf72282cd26::probabilistic::yw59i8de,eigen-dynamics-1.0.0,0,probabilistic,2026-09-12 23:42:19.404+00,6750,2564,2,0,3,#1F3A5F,1,square|large|horizontal|blue,"{1,0,10,2}",0,2,10,circle|small|horizontal|orange,0,1,2,3,0,0,1,0,1,2,4,3,
6a25f8ef80608bf72282cd26,6a25f8ef80608bf72282cd26,6aa5e2a1421fd865aae66c6f,eigen-dynamics-1.0.0::6a25f8ef80608bf72282cd26::probabilistic::yw59i8de,eigen-dynamics-1.0.0,0,probabilistic,2026-09-12 23:42:28.021+00,15368,8265,3,0,4,#1F3A5F,1,square|large|horizontal|blue,"{6,2,1,10}",2,3,10,circle|small|horizontal|orange,0,0,2,3,0,0,1,0,1,1,3,3,
6a25f8ef80608bf72282cd26,6a25f8ef80608bf72282cd26,6aa5e2a1421fd865aae66c6f,eigen-dynamics-1.0.0::6a25f8ef80608bf72282cd26::probabilistic::yw59i8de,eigen-dynamics-1.0.0,0,probabilistic,2026-09-12 23:42:29.471+00,16817,1097,4,0,5,#1F3A5F,1,square|large|horizontal|blue,"{0,1,10,8}",1,0,0,circle|large|horizontal|blue,0,1,3,1,0,1,1,1,1,3,4,2,
6a25f8ef80608bf72282cd26,6a25f8ef80608bf72282cd26,6aa5e2a1421fd865aae66c6f,eigen-dynamics-1.0.0::6a25f8ef80608bf72282cd26::probabilistic::yw59i8de,eigen-dynamics-1.0.0,0,probabilistic,2026-09-12 23:42:31.038+00,18385,1215,5,0,6,#1F3A5F,1,square|large|horizontal|blue,"{6,1,7,14}",1,1,1,square|large|horizontal|blue,1,0,3,0,1,1,1,1,2,1,1,3,
6a25f8ef80608bf72282cd26,6a25f8ef80608bf72282cd26,6aa5e2a1421fd865aae66c6f,eigen-dynamics-1.0.0::6a25f8ef80608bf72282cd26::probabilistic::yw59i8de,eigen-dynamics-1.0.0,0,probabilistic,2026-09-12 23:42:32.337+00,19684,948,6,0,7,#1F3A5F,1,square|large|horizontal|blue,"{1,11,7,0}",0,1,11,square|small|horizontal|orange,0,0,3,2,1,0,1,0,3,2,3,3,
6a25f8ef80608bf72282cd26,6a25f8ef80608bf72282cd26,6aa5e2a1421fd865aae66c6f,eigen-dynamics-1.0.0::6a25f8ef80608bf72282cd26::probabilistic::yw59i8de,eigen-dynamics-1.0.0,0,probabilistic,2026-09-12 23:42:35.254+00,22601,2565,7,0,8,#1F3A5F,1,square|large|horizontal|blue,"{1,0,11,15}",0,3,15,square|small|vertical|orange,0,0,3,3,1,0,0,0,3,2,3,2,
6a25f8ef80608bf72282cd26,6a25f8ef80608bf72282cd26,6aa5e2a1421fd865aae66c6f,eigen-dynamics-1.0.0::6a25f8ef80608bf72282cd26::probabilistic::yw59i8de,eigen-dynamics-1.0.0,0,probabilistic,2026-09-12 23:42:37.188+00,24535,1582,8,0,9,#1F3A5F,1,square|large|horizontal|blue,"{1,9,10,15}",0,1,9,square|large|horizontal|orange,0,0,3,1,1,1,1,0,3,2,3,1,
6a25f8ef80608bf72282cd26,6a25f8ef80608bf72282cd26,6aa5e2a1421fd865aae66c6f,eigen-dynamics-1.0.0::6a25f8ef80608bf72282cd26::probabilistic::yw59i8de,eigen-dynamics-1.0.0,0,probabilistic,2026-09-12 23:42:38.671+00,26018,1131,9,0,10,#1F3A5F,1,square|large|horizontal|blue,"{9,1,7,10}",1,3,10,circle|small|horizontal|orange,0,0,3,3,0,0,1,0,3,2,3,2,
6a25f8ef80608bf72282cd26,6a25f8ef80608bf72282cd26,6aa5e2a1421fd865aae66c6f,eigen-dynamics-1.0.0::6a25f8ef80608bf72282cd26::probabilistic::yw59i8de,eigen-dynamics-1.0.0,0,probabilistic,2026-09-12 23:42:40.871+00,28217,1847,10,0,11,#1F3A5F,1,square|large|horizontal|blue,"{0,14,1,2}",2,2,1,square|large|horizontal|blue,1,1,4,0,1,1,1,1,1,2,3,3,
6a25f8ef80608bf72282cd26,6a25f8ef80608bf72282cd26,6aa5e2a1421fd865aae66c6f,eigen-dynamics-1.0.0::6a25f8ef80608bf72282cd26::probabilistic::yw59i8de,eigen-dynamics-1.0.0,0,probabilistic,2026-09-12 23:42:42.505+00,29852,1282,11,0,12,#1F3A5F,1,square|large|horizontal|blue,"{10,14,15,1}",3,3,1,square|large|horizontal|blue,1,1,5,0,1,1,1,1,2,1,2,1,
6a25f8ef80608bf72282cd26,6a25f8ef80608bf72282cd26,6aa5e2a1421fd865aae66c6f,eigen-dynamics-1.0.0::6a25f8ef80608bf72282cd26::probabilistic::yw59i8de,eigen-dynamics-1.0.0,0,probabilistic,2026-09-12 23:42:44.038+00,31385,1182,12,0,13,#1F3A5F,1,square|large|horizontal|blue,"{0,6,13,1}",3,3,1,square|large|horizontal|blue,1,1,6,0,1,1,1,1,2,3,2,3,
6a25f8ef80608bf72282cd26,6a25f8ef80608bf72282cd26,6aa5e2a1421fd865aae66c6f,eigen-dynamics-1.0.0::6a25f8ef80608bf72282cd26::probabilistic::yw59i8de,eigen-dynamics-1.0.0,0,probabilistic,2026-09-12 23:42:45.472+00,32819,1081,13,0,14,#1F3A5F,1,square|large|horizontal|blue,"{1,7,13,15}",0,0,1,square|large|horizontal|blue,1,1,7,0,1,1,1,1,4,2,1,2,criterion
6a25f8ef80608bf72282cd26,6a25f8ef80608bf72282cd26,6aa5e2a1421fd865aae66c6f,eigen-dynamics-1.0.0::6a25f8ef80608bf72282cd26::probabilistic::yw59i8de,eigen-dynamics-1.0.0,0,probabilistic,2026-09-12 23:42:50.655+00,38002,4831,14,1,1,#4A2C4D,11,square|small|horizontal|orange,"{2,11,10,13}",1,2,10,circle|small|horizontal|orange,0,0,7,1,0,1,1,1,2,3,3,3,
6a25f8ef80608bf72282cd26,6a25f8ef80608bf72282cd26,6aa5e2a1421fd865aae66c6f,eigen-dynamics-1.0.0::6a25f8ef80608bf72282cd26::probabilistic::yw59i8de,eigen-dynamics-1.0.0,0,probabilistic,2026-09-12 23:42:52.355+00,39702,1348,15,1,2,#4A2C4D,11,square|small|horizontal|orange,"{9,11,4,13}",1,1,11,square|small|horizontal|orange,1,1,8,0,1,1,1,1,3,1,2,3,
6a25f8ef80608bf72282cd26,6a25f8ef80608bf72282cd26,6aa5e2a1421fd865aae66c6f,eigen-dynamics-1.0.0::6a25f8ef80608bf72282cd26::probabilistic::yw59i8de,eigen-dynamics-1.0.0,0,probabilistic,2026-09-12 23:42:53.804+00,41152,1098,16,1,3,#4A2C4D,11,square|small|horizontal|orange,"{8,2,11,7}",2,2,11,square|small|horizontal|orange,1,0,8,0,1,1,1,1,2,3,3,2,
6a25f8ef80608bf72282cd26,6a25f8ef80608bf72282cd26,6aa5e2a1421fd865aae66c6f,eigen-dynamics-1.0.0::6a25f8ef80608bf72282cd26::probabilistic::yw59i8de,eigen-dynamics-1.0.0,0,probabilistic,2026-09-12 23:42:58.922+00,46269,4765,17,1,4,#4A2C4D,11,square|small|horizontal|orange,"{6,11,4,2}",1,3,2,circle|small|horizontal|blue,0,0,8,2,0,1,1,0,1,3,2,1,
6a25f8ef80608bf72282cd26,6a25f8ef80608bf72282cd26,6aa5e2a1421fd865aae66c6f,eigen-dynamics-1.0.0::6a25f8ef80608bf72282cd26::probabilistic::yw59i8de,eigen-dynamics-1.0.0,0,probabilistic,2026-09-12 23:43:00.521+00,47869,1247,18,1,5,#4A2C4D,11,square|small|horizontal|orange,"{3,15,11,10}",2,1,15,square|small|vertical|orange,0,1,9,1,1,1,0,1,3,4,3,3,
6a25f8ef80608bf72282cd26,6a25f8ef80608bf72282cd26,6aa5e2a1421fd865aae66c6f,eigen-dynamics-1.0.0::6a25f8ef80608bf72282cd26::probabilistic::yw59i8de,eigen-dynamics-1.0.0,0,probabilistic,2026-09-12 23:43:01.971+00,49319,1099,19,1,6,#4A2C4D,11,square|small|horizontal|orange,"{11,4,15,8}",0,2,15,square|small|vertical|orange,0,1,10,1,1,1,0,1,2,2,2,3,
6a25f8ef80608bf72282cd26,6a25f8ef80608bf72282cd26,6aa5e2a1421fd865aae66c6f,eigen-dynamics-1.0.0::6a25f8ef80608bf72282cd26::probabilistic::yw59i8de,eigen-dynamics-1.0.0,0,probabilistic,2026-09-12 23:43:04.955+00,52303,2631,20,1,7,#4A2C4D,11,square|small|horizontal|orange,"{11,3,5,6}",0,2,5,square|large|vertical|blue,0,0,10,3,1,0,0,0,3,3,2,1,
6a25f8ef80608bf72282cd26,6a25f8ef80608bf72282cd26,6aa5e2a1421fd865aae66c6f,eigen-dynamics-1.0.0::6a25f8ef80608bf72282cd26::probabilistic::yw59i8de,eigen-dynamics-1.0.0,0,probabilistic,2026-09-12 23:43:07.188+00,54536,1882,21,1,8,#4A2C4D,11,square|small|horizontal|orange,"{15,6,11,2}",2,0,15,square|small|vertical|orange,0,0,10,1,1,1,0,1,2,4,2,2,
6a25f8ef80608bf72282cd26,6a25f8ef80608bf72282cd26,6aa5e2a1421fd865aae66c6f,eigen-dynamics-1.0.0::6a25f8ef80608bf72282cd26::probabilistic::yw59i8de,eigen-dynamics-1.0.0,0,probabilistic,2026-09-12 23:43:08.938+00,56286,1398,22,1,9,#4A2C4D,11,square|small|horizontal|orange,"{5,11,15,14}",1,3,14,circle|small|vertical|orange,0,0,10,2,0,1,0,1,3,3,1,3,
6a25f8ef80608bf72282cd26,6a25f8ef80608bf72282cd26,6aa5e2a1421fd865aae66c6f,eigen-dynamics-1.0.0::6a25f8ef80608bf72282cd26::probabilistic::yw59i8de,eigen-dynamics-1.0.0,0,probabilistic,2026-09-12 23:43:10.422+00,57769,1132,23,1,10,#4A2C4D,11,square|small|horizontal|orange,"{10,6,11,15}",2,0,10,circle|small|horizontal|orange,0,0,10,1,0,1,1,1,2,4,2,3,
6a25f8ef80608bf72282cd26,6a25f8ef80608bf72282cd26,6aa5e2a1421fd865aae66c6f,eigen-dynamics-1.0.0::6a25f8ef80608bf72282cd26::probabilistic::yw59i8de,eigen-dynamics-1.0.0,0,probabilistic,2026-09-12 23:43:11.638+00,58986,865,24,1,11,#4A2C4D,11,square|small|horizontal|orange,"{11,7,4,13}",0,2,4,circle|large|vertical|blue,0,0,10,4,0,0,0,0,3,2,1,2,
6a25f8ef80608bf72282cd26,6a25f8ef80608bf72282cd26,6aa5e2a1421fd865aae66c6f,eigen-dynamics-1.0.0::6a25f8ef80608bf72282cd26::probabilistic::yw59i8de,eigen-dynamics-1.0.0,0,probabilistic,2026-09-12 23:43:12.955+00,60303,965,25,1,12,#4A2C4D,11,square|small|horizontal|orange,"{2,11,15,7}",1,1,11,square|small|horizontal|orange,1,1,11,0,1,1,1,1,3,4,2,2,
6a25f8ef80608bf72282cd26,6a25f8ef80608bf72282cd26,6aa5e2a1421fd865aae66c6f,eigen-dynamics-1.0.0::6a25f8ef80608bf72282cd26::probabilistic::yw59i8de,eigen-dynamics-1.0.0,0,probabilistic,2026-09-12 23:43:15.121+00,62469,1815,26,1,13,#4A2C4D,11,square|small|horizontal|orange,"{11,6,8,13}",0,2,8,circle|large|horizontal|orange,0,0,11,2,0,0,1,1,2,2,2,3,
6a25f8ef80608bf72282cd26,6a25f8ef80608bf72282cd26,6aa5e2a1421fd865aae66c6f,eigen-dynamics-1.0.0::6a25f8ef80608bf72282cd26::probabilistic::yw59i8de,eigen-dynamics-1.0.0,0,probabilistic,2026-09-12 23:43:16.588+00,63936,1115,27,1,14,#4A2C4D,11,square|small|horizontal|orange,"{11,12,3,13}",0,0,11,square|small|horizontal|orange,1,1,12,0,1,1,1,1,3,2,2,3,
6a25f8ef80608bf72282cd26,6a25f8ef80608bf72282cd26,6aa5e2a1421fd865aae66c6f,eigen-dynamics-1.0.0::6a25f8ef80608bf72282cd26::probabilistic::yw59i8de,eigen-dynamics-1.0.0,0,probabilistic,2026-09-12 23:43:17.821+00,65169,882,28,1,15,#4A2C4D,11,square|small|horizontal|orange,"{3,11,9,14}",1,1,11,square|small|horizontal|orange,1,1,13,0,1,1,1,1,3,3,3,3,
6a25f8ef80608bf72282cd26,6a25f8ef80608bf72282cd26,6aa5e2a1421fd865aae66c6f,eigen-dynamics-1.0.0::6a25f8ef80608bf72282cd26::probabilistic::yw59i8de,eigen-dynamics-1.0.0,0,probabilistic,2026-09-12 23:43:19.071+00,66419,898,29,1,16,#4A2C4D,11,square|small|horizontal|orange,"{3,11,0,7}",1,1,11,square|small|horizontal|orange,1,1,14,0,1,1,1,1,3,3,3,1,criterion
6a25f8ef80608bf72282cd26,6a25f8ef80608bf72282cd26,6aa5e2a1421fd865aae66c6f,eigen-dynamics-1.0.0::6a25f8ef80608bf72282cd26::probabilistic::yw59i8de,eigen-dynamics-1.0.0,0,probabilistic,2026-09-12 23:43:26.471+00,73820,7049,30,2,1,#1E4438,0,circle|large|horizontal|blue,"{5,0,13,2}",1,1,0,circle|large|horizontal|blue,1,1,15,0,1,1,1,1,2,3,2,3,
6a25f8ef80608bf72282cd26,6a25f8ef80608bf72282cd26,6aa5e2a1421fd865aae66c6f,eigen-dynamics-1.0.0::6a25f8ef80608bf72282cd26::probabilistic::yw59i8de,eigen-dynamics-1.0.0,0,probabilistic,2026-09-12 23:43:27.605+00,74954,781,31,2,2,#1E4438,0,circle|large|horizontal|blue,"{8,0,7,5}",1,1,0,circle|large|horizontal|blue,1,1,16,0,1,1,1,1,2,3,2,3,
6a25f8ef80608bf72282cd26,6a25f8ef80608bf72282cd26,6aa5e2a1421fd865aae66c6f,eigen-dynamics-1.0.0::6a25f8ef80608bf72282cd26::probabilistic::yw59i8de,eigen-dynamics-1.0.0,0,probabilistic,2026-09-12 23:43:28.822+00,76170,864,32,2,3,#1E4438,0,circle|large|horizontal|blue,"{7,0,5,8}",1,1,0,circle|large|horizontal|blue,1,1,17,0,1,1,1,1,2,3,2,3,
6a25f8ef80608bf72282cd26,6a25f8ef80608bf72282cd26,6aa5e2a1421fd865aae66c6f,eigen-dynamics-1.0.0::6a25f8ef80608bf72282cd26::probabilistic::yw59i8de,eigen-dynamics-1.0.0,0,probabilistic,2026-09-12 23:43:30.172+00,77520,998,33,2,4,#1E4438,0,circle|large|horizontal|blue,"{8,11,0,7}",2,2,0,circle|large|horizontal|blue,1,0,17,0,1,1,1,1,2,2,3,2,
6a25f8ef80608bf72282cd26,6a25f8ef80608bf72282cd26,6aa5e2a1421fd865aae66c6f,eigen-dynamics-1.0.0::6a25f8ef80608bf72282cd26::probabilistic::yw59i8de,eigen-dynamics-1.0.0,0,probabilistic,2026-09-12 23:43:32.188+00,79537,1665,34,2,5,#1E4438,0,circle|large|horizontal|blue,"{4,15,1,0}",3,3,0,circle|large|horizontal|blue,1,1,18,0,1,1,1,1,2,3,2,3,
6a25f8ef80608bf72282cd26,6a25f8ef80608bf72282cd26,6aa5e2a1421fd865aae66c6f,eigen-dynamics-1.0.0::6a25f8ef80608bf72282cd26::probabilistic::yw59i8de,eigen-dynamics-1.0.0,0,probabilistic,2026-09-12 23:43:33.588+00,80937,1048,35,2,6,#1E4438,0,circle|large|horizontal|blue,"{2,0,14,10}",1,1,0,circle|large|horizontal|blue,1,1,19,0,1,1,1,1,4,1,3,2,criterion
6a25f8ef80608bf72282cd26,6a25f8ef80608bf72282cd26,6aa5e2a1421fd865aae66c6f,eigen-dynamics-1.0.0::6a25f8ef80608bf72282cd26::probabilistic::yw59i8de,eigen-dynamics-1.0.0,0,probabilistic,2026-09-12 23:43:38.822+00,86171,4881,36,3,1,#5A3A1E,10,circle|small|horizontal|orange,"{11,9,10,3}",2,3,3,square|small|horizontal|blue,0,0,19,2,0,1,1,0,1,3,4,3,
6a25f8ef80608bf72282cd26,6a25f8ef80608bf72282cd26,6aa5e2a1421fd865aae66c6f,eigen-dynamics-1.0.0::6a25f8ef80608bf72282cd26::probabilistic::yw59i8de,eigen-dynamics-1.0.0,0,probabilistic,2026-09-12 23:43:41.489+00,88838,2315,37,3,2,#5A3A1E,10,circle|small|horizontal|orange,"{12,15,7,10}",3,3,10,circle|small|horizontal|orange,1,1,20,0,1,1,1,1,2,3,1,3,
6a25f8ef80608bf72282cd26,6a25f8ef80608bf72282cd26,6aa5e2a1421fd865aae66c6f,eigen-dynamics-1.0.0::6a25f8ef80608bf72282cd26::probabilistic::yw59i8de,eigen-dynamics-1.0.0,0,probabilistic,2026-09-12 23:43:42.888+00,90237,1047,38,3,3,#5A3A1E,10,circle|small|horizontal|orange,"{10,3,8,4}",0,0,10,circle|small|horizontal|orange,1,0,20,0,1,1,1,1,3,2,3,2,
6a25f8ef80608bf72282cd26,6a25f8ef80608bf72282cd26,6aa5e2a1421fd865aae66c6f,eigen-dynamics-1.0.0::6a25f8ef80608bf72282cd26::probabilistic::yw59i8de,eigen-dynamics-1.0.0,0,probabilistic,2026-09-12 23:43:44.255+00,91604,1014,39,3,4,#5A3A1E,10,circle|small|horizontal|orange,"{6,10,3,13}",1,1,10,circle|small|horizontal|orange,1,1,21,0,1,1,1,1,2,3,2,2,
6a25f8ef80608bf72282cd26,6a25f8ef80608bf72282cd26,6aa5e2a1421fd865aae66c6f,eigen-dynamics-1.0.0::6a25f8ef80608bf72282cd26::probabilistic::yw59i8de,eigen-dynamics-1.0.0,0,probabilistic,2026-09-12 23:43:45.472+00,92821,866,40,3,5,#5A3A1E,10,circle|small|horizontal|orange,"{5,10,6,0}",1,1,10,circle|small|horizontal|orange,1,1,22,0,1,1,1,1,3,2,2,1,
6a25f8ef80608bf72282cd26,6a25f8ef80608bf72282cd26,6aa5e2a1421fd865aae66c6f,eigen-dynamics-1.0.0::6a25f8ef80608bf72282cd26::probabilistic::yw59i8de,eigen-dynamics-1.0.0,0,probabilistic,2026-09-12 23:43:46.955+00,94304,1132,41,3,6,#5A3A1E,10,circle|small|horizontal|orange,"{2,15,0,10}",3,3,10,circle|small|horizontal|orange,1,1,23,0,1,1,1,1,3,3,3,2,criterion
6a25f8ef80608bf72282cd26,6a25f8ef80608bf72282cd26,6aa5e2a1421fd865aae66c6f,eigen-dynamics-1.0.0::6a25f8ef80608bf72282cd26::probabilistic::yw59i8de,eigen-dynamics-1.0.0,0,probabilistic,2026-09-12 23:43:50.472+00,97821,3165,42,4,1,#3B2E5A,5,square|large|vertical|blue,"{3,13,5,6}",2,2,5,square|large|vertical|blue,1,1,24,0,1,1,1,1,3,2,3,3,
6a25f8ef80608bf72282cd26,6a25f8ef80608bf72282cd26,6aa5e2a1421fd865aae66c6f,eigen-dynamics-1.0.0::6a25f8ef80608bf72282cd26::probabilistic::yw59i8de,eigen-dynamics-1.0.0,0,probabilistic,2026-09-12 23:43:51.705+00,99055,882,43,4,2,#3B2E5A,5,square|large|vertical|blue,"{5,8,3,10}",0,0,5,square|large|vertical|blue,1,1,25,0,1,1,1,1,2,2,1,2,
6a25f8ef80608bf72282cd26,6a25f8ef80608bf72282cd26,6aa5e2a1421fd865aae66c6f,eigen-dynamics-1.0.0::6a25f8ef80608bf72282cd26::probabilistic::yw59i8de,eigen-dynamics-1.0.0,0,probabilistic,2026-09-12 23:43:52.921+00,100271,864,44,4,3,#3B2E5A,5,square|large|vertical|blue,"{5,14,13,11}",0,0,5,square|large|vertical|blue,1,1,26,0,1,1,1,1,3,2,3,1,
6a25f8ef80608bf72282cd26,6a25f8ef80608bf72282cd26,6aa5e2a1421fd865aae66c6f,eigen-dynamics-1.0.0::6a25f8ef80608bf72282cd26::probabilistic::yw59i8de,eigen-dynamics-1.0.0,0,probabilistic,2026-09-12 23:43:54.188+00,101538,916,45,4,4,#3B2E5A,5,square|large|vertical|blue,"{8,5,0,4}",1,1,5,square|large|vertical|blue,1,1,27,0,1,1,1,1,1,4,2,3,
6a25f8ef80608bf72282cd26,6a25f8ef80608bf72282cd26,6aa5e2a1421fd865aae66c6f,eigen-dynamics-1.0.0::6a25f8ef80608bf72282cd26::probabilistic::yw59i8de,eigen-dynamics-1.0.0,0,probabilistic,2026-09-12 23:43:55.422+00,102771,882,46,4,5,#3B2E5A,5,square|large|vertical|blue,"{5,14,10,8}",0,0,5,square|large|vertical|blue,1,1,28,0,1,1,1,1,1,2,2,1,
6a25f8ef80608bf72282cd26,6a25f8ef80608bf72282cd26,6aa5e2a1421fd865aae66c6f,eigen-dynamics-1.0.0::6a25f8ef80608bf72282cd26::probabilistic::yw59i8de,eigen-dynamics-1.0.0,0,probabilistic,2026-09-12 23:43:57.555+00,104904,1781,47,4,6,#3B2E5A,5,square|large|vertical|blue,"{5,9,0,11}",0,0,5,square|large|vertical|blue,1,0,28,0,1,1,1,1,3,3,1,2,criterion
6a25f8ef80608bf72282cd26,6a25f8ef80608bf72282cd26,6aa5e2a1421fd865aae66c6f,eigen-dynamics-1.0.0::6a25f8ef80608bf72282cd26::probabilistic::yw59i8de,eigen-dynamics-1.0.0,0,probabilistic,2026-09-12 23:43:59.672+00,107021,1765,48,5,1,#14434A,9,square|large|horizontal|orange,"{14,9,10,8}",1,2,10,circle|small|horizontal|orange,0,0,28,2,0,0,1,1,1,2,3,4,
6a25f8ef80608bf72282cd26,6a25f8ef80608bf72282cd26,6aa5e2a1421fd865aae66c6f,eigen-dynamics-1.0.0::6a25f8ef80608bf72282cd26::probabilistic::yw59i8de,eigen-dynamics-1.0.0,0,probabilistic,2026-09-12 23:44:01.789+00,109139,1766,49,5,2,#14434A,9,square|large|horizontal|orange,"{2,8,9,4}",2,0,2,circle|small|horizontal|blue,0,0,28,3,0,0,1,0,1,3,3,2,
6a25f8ef80608bf72282cd26,6a25f8ef80608bf72282cd26,6aa5e2a1421fd865aae66c6f,eigen-dynamics-1.0.0::6a25f8ef80608bf72282cd26::probabilistic::yw59i8de,eigen-dynamics-1.0.0,0,probabilistic,2026-09-12 23:44:03.956+00,111305,1815,50,5,3,#14434A,9,square|large|horizontal|orange,"{4,9,6,2}",1,0,4,circle|large|vertical|blue,0,0,28,3,0,1,0,0,1,2,2,1,
6a25f8ef80608bf72282cd26,6a25f8ef80608bf72282cd26,6aa5e2a1421fd865aae66c6f,eigen-dynamics-1.0.0::6a25f8ef80608bf72282cd26::probabilistic::yw59i8de,eigen-dynamics-1.0.0,0,probabilistic,2026-09-12 23:44:05.356+00,112705,1048,51,5,4,#14434A,9,square|large|horizontal|orange,"{5,0,10,9}",3,3,9,square|large|horizontal|orange,1,1,29,0,1,1,1,1,2,3,3,2,
6a25f8ef80608bf72282cd26,6a25f8ef80608bf72282cd26,6aa5e2a1421fd865aae66c6f,eigen-dynamics-1.0.0::6a25f8ef80608bf72282cd26::probabilistic::yw59i8de,eigen-dynamics-1.0.0,0,probabilistic,2026-09-12 23:44:06.622+00,113972,914,52,5,5,#14434A,9,square|large|horizontal|orange,"{3,2,12,9}",3,3,9,square|large|horizontal|orange,1,1,30,0,1,1,1,1,2,2,3,2,
6a25f8ef80608bf72282cd26,6a25f8ef80608bf72282cd26,6aa5e2a1421fd865aae66c6f,eigen-dynamics-1.0.0::6a25f8ef80608bf72282cd26::probabilistic::yw59i8de,eigen-dynamics-1.0.0,0,probabilistic,2026-09-12 23:44:07.888+00,115238,915,53,5,6,#14434A,9,square|large|horizontal|orange,"{8,2,9,15}",2,2,9,square|large|horizontal|orange,1,1,31,0,1,1,1,1,2,2,3,3,
6a25f8ef80608bf72282cd26,6a25f8ef80608bf72282cd26,6aa5e2a1421fd865aae66c6f,eigen-dynamics-1.0.0::6a25f8ef80608bf72282cd26::probabilistic::yw59i8de,eigen-dynamics-1.0.0,0,probabilistic,2026-09-12 23:44:09.172+00,116522,932,54,5,7,#14434A,9,square|large|horizontal|orange,"{6,8,5,9}",3,3,9,square|large|horizontal|orange,1,1,32,0,1,1,1,1,2,3,2,2,criterion
6a25f8ef80608bf72282cd26,6a25f8ef80608bf72282cd26,6aa5e2a1421fd865aae66c6f,eigen-dynamics-1.0.0::6a25f8ef80608bf72282cd26::probabilistic::yw59i8de,eigen-dynamics-1.0.0,0,probabilistic,2026-09-12 23:44:13.005+00,120355,3481,55,6,1,#5A2330,14,circle|small|vertical|orange,"{7,14,6,5}",1,2,6,circle|small|vertical|blue,0,0,32,1,1,1,1,0,2,3,4,1,
6a25f8ef80608bf72282cd26,6a25f8ef80608bf72282cd26,6aa5e2a1421fd865aae66c6f,eigen-dynamics-1.0.0::6a25f8ef80608bf72282cd26::probabilistic::yw59i8de,eigen-dynamics-1.0.0,0,probabilistic,2026-09-12 23:44:15.005+00,122355,1648,56,6,2,#5A2330,14,circle|small|vertical|orange,"{0,13,14,5}",2,2,14,circle|small|vertical|orange,1,0,32,0,1,1,1,1,2,1,3,2,
6a25f8ef80608bf72282cd26,6a25f8ef80608bf72282cd26,6aa5e2a1421fd865aae66c6f,eigen-dynamics-1.0.0::6a25f8ef80608bf72282cd26::probabilistic::yw59i8de,eigen-dynamics-1.0.0,0,probabilistic,2026-09-12 23:44:16.672+00,124023,1317,57,6,3,#5A2330,14,circle|small|vertical|orange,"{7,2,14,12}",2,3,12,circle|large|vertical|orange,0,0,32,1,1,0,1,1,3,3,3,2,
6a25f8ef80608bf72282cd26,6a25f8ef80608bf72282cd26,6aa5e2a1421fd865aae66c6f,eigen-dynamics-1.0.0::6a25f8ef80608bf72282cd26::probabilistic::yw59i8de,eigen-dynamics-1.0.0,0,probabilistic,2026-09-12 23:44:18.405+00,125755,1380,58,6,4,#5A2330,14,circle|small|vertical|orange,"{8,14,15,12}",1,0,8,circle|large|horizontal|orange,0,0,32,2,1,0,0,1,3,2,3,4,
6a25f8ef80608bf72282cd26,6a25f8ef80608bf72282cd26,6aa5e2a1421fd865aae66c6f,eigen-dynamics-1.0.0::6a25f8ef80608bf72282cd26::probabilistic::yw59i8de,eigen-dynamics-1.0.0,0,probabilistic,2026-09-12 23:44:19.638+00,126989,882,59,6,5,#5A2330,14,circle|small|vertical|orange,"{1,14,8,5}",1,0,1,square|large|horizontal|blue,0,0,32,4,0,0,0,0,2,1,2,2,
6a25f8ef80608bf72282cd26,6a25f8ef80608bf72282cd26,6aa5e2a1421fd865aae66c6f,eigen-dynamics-1.0.0::6a25f8ef80608bf72282cd26::probabilistic::yw59i8de,eigen-dynamics-1.0.0,0,probabilistic,2026-09-12 23:44:21.005+00,128355,1016,60,6,6,#5A2330,14,circle|small|vertical|orange,"{1,15,9,14}",3,1,15,square|small|vertical|orange,0,1,33,1,0,1,1,1,1,2,2,3,
6a25f8ef80608bf72282cd26,6a25f8ef80608bf72282cd26,6aa5e2a1421fd865aae66c6f,eigen-dynamics-1.0.0::6a25f8ef80608bf72282cd26::probabilistic::yw59i8de,eigen-dynamics-1.0.0,0,probabilistic,2026-09-12 23:44:23.788+00,131139,2432,61,6,7,#5A2330,14,circle|small|vertical|orange,"{15,1,14,5}",2,2,14,circle|small|vertical|orange,1,0,33,0,1,1,1,1,1,2,3,2,
6a25f8ef80608bf72282cd26,6a25f8ef80608bf72282cd26,6aa5e2a1421fd865aae66c6f,eigen-dynamics-1.0.0::6a25f8ef80608bf72282cd26::probabilistic::yw59i8de,eigen-dynamics-1.0.0,0,probabilistic,2026-09-12 23:44:26.155+00,133505,2014,62,6,8,#5A2330,14,circle|small|vertical|orange,"{8,4,14,5}",2,0,8,circle|large|horizontal|orange,0,1,34,2,1,0,0,1,3,1,3,2,
6a25f8ef80608bf72282cd26,6a25f8ef80608bf72282cd26,6aa5e2a1421fd865aae66c6f,eigen-dynamics-1.0.0::6a25f8ef80608bf72282cd26::probabilistic::yw59i8de,eigen-dynamics-1.0.0,0,probabilistic,2026-09-12 23:44:27.155+00,134506,648,63,6,9,#5A2330,14,circle|small|vertical|orange,"{12,14,8,13}",1,1,14,circle|small|vertical|orange,1,1,35,0,1,1,1,1,3,1,3,4,
6a25f8ef80608bf72282cd26,6a25f8ef80608bf72282cd26,6aa5e2a1421fd865aae66c6f,eigen-dynamics-1.0.0::6a25f8ef80608bf72282cd26::probabilistic::yw59i8de,eigen-dynamics-1.0.0,0,probabilistic,2026-09-12 23:44:28.572+00,135923,1065,64,6,10,#5A2330,14,circle|small|vertical|orange,"{15,5,6,14}",3,0,15,square|small|vertical|orange,0,0,35,1,0,1,1,1,2,3,4,2,
6a25f8ef80608bf72282cd26,6a25f8ef80608bf72282cd26,6aa5e2a1421fd865aae66c6f,eigen-dynamics-1.0.0::6a25f8ef80608bf72282cd26::probabilistic::yw59i8de,eigen-dynamics-1.0.0,0,probabilistic,2026-09-12 23:44:30.072+00,137423,1148,65,6,11,#5A2330,14,circle|small|vertical|orange,"{12,14,4,7}",1,1,14,circle|small|vertical|orange,1,0,35,0,1,1,1,1,3,2,4,2,
6a25f8ef80608bf72282cd26,6a25f8ef80608bf72282cd26,6aa5e2a1421fd865aae66c6f,eigen-dynamics-1.0.0::6a25f8ef80608bf72282cd26::probabilistic::yw59i8de,eigen-dynamics-1.0.0,0,probabilistic,2026-09-12 23:44:31.822+00,139173,1399,66,6,12,#5A2330,14,circle|small|vertical|orange,"{14,4,6,5}",0,3,5,square|large|vertical|blue,0,0,35,3,0,0,1,0,3,2,4,1,
6a25f8ef80608bf72282cd26,6a25f8ef80608bf72282cd26,6aa5e2a1421fd865aae66c6f,eigen-dynamics-1.0.0::6a25f8ef80608bf72282cd26::probabilistic::yw59i8de,eigen-dynamics-1.0.0,0,probabilistic,2026-09-12 23:44:33.055+00,140406,882,67,6,13,#5A2330,14,circle|small|vertical|orange,"{4,7,14,2}",2,2,14,circle|small|vertical|orange,1,1,36,0,1,1,1,1,3,3,3,1,
6a25f8ef80608bf72282cd26,6a25f8ef80608bf72282cd26,6aa5e2a1421fd865aae66c6f,eigen-dynamics-1.0.0::6a25f8ef80608bf72282cd26::probabilistic::yw59i8de,eigen-dynamics-1.0.0,0,probabilistic,2026-09-12 23:44:35.072+00,142423,1665,68,6,14,#5A2330,14,circle|small|vertical|orange,"{12,14,10,15}",1,2,10,circle|small|horizontal|orange,0,0,36,1,1,1,0,1,3,3,3,4,
6a25f8ef80608bf72282cd26,6a25f8ef80608bf72282cd26,6aa5e2a1421fd865aae66c6f,eigen-dynamics-1.0.0::6a25f8ef80608bf72282cd26::probabilistic::yw59i8de,eigen-dynamics-1.0.0,0,probabilistic,2026-09-12 23:44:36.722+00,144073,1298,69,6,15,#5A2330,14,circle|small|vertical|orange,"{13,8,4,14}",3,3,14,circle|small|vertical|orange,1,0,36,0,1,1,1,1,3,1,3,3,
6a25f8ef80608bf72282cd26,6a25f8ef80608bf72282cd26,6aa5e2a1421fd865aae66c6f,eigen-dynamics-1.0.0::6a25f8ef80608bf72282cd26::probabilistic::yw59i8de,eigen-dynamics-1.0.0,0,probabilistic,2026-09-12 23:44:38.022+00,145373,948,70,6,16,#5A2330,14,circle|small|vertical|orange,"{12,7,14,11}",2,1,7,square|small|vertical|blue,0,0,36,2,0,1,1,0,2,3,3,3,
6a25f8ef80608bf72282cd26,6a25f8ef80608bf72282cd26,6aa5e2a1421fd865aae66c6f,eigen-dynamics-1.0.0::6a25f8ef80608bf72282cd26::probabilistic::yw59i8de,eigen-dynamics-1.0.0,0,probabilistic,2026-09-12 23:44:39.105+00,146457,731,71,6,17,#5A2330,14,circle|small|vertical|orange,"{9,1,12,14}",3,0,9,square|large|horizontal|orange,0,0,36,3,0,0,0,1,2,1,2,3,
6a25f8ef80608bf72282cd26,6a25f8ef80608bf72282cd26,6aa5e2a1421fd865aae66c6f,eigen-dynamics-1.0.0::6a25f8ef80608bf72282cd26::probabilistic::yw59i8de,eigen-dynamics-1.0.0,0,probabilistic,2026-09-12 23:44:40.222+00,147573,765,72,6,18,#5A2330,14,circle|small|vertical|orange,"{10,1,12,14}",3,3,14,circle|small|vertical|orange,1,1,37,0,1,1,1,1,3,2,2,3,
6a25f8ef80608bf72282cd26,6a25f8ef80608bf72282cd26,6aa5e2a1421fd865aae66c6f,eigen-dynamics-1.0.0::6a25f8ef80608bf72282cd26::probabilistic::yw59i8de,eigen-dynamics-1.0.0,0,probabilistic,2026-09-12 23:44:41.955+00,149306,1381,73,6,19,#5A2330,14,circle|small|vertical|orange,"{14,1,7,2}",0,0,14,circle|small|vertical|orange,1,1,38,0,1,1,1,1,2,3,2,1,
6a25f8ef80608bf72282cd26,6a25f8ef80608bf72282cd26,6aa5e2a1421fd865aae66c6f,eigen-dynamics-1.0.0::6a25f8ef80608bf72282cd26::probabilistic::yw59i8de,eigen-dynamics-1.0.0,0,probabilistic,2026-09-12 23:44:43.588+00,150940,1282,74,6,20,#5A2330,14,circle|small|vertical|orange,"{14,12,1,15}",0,0,14,circle|small|vertical|orange,1,1,39,0,1,1,1,1,2,2,3,3,
6a25f8ef80608bf72282cd26,6a25f8ef80608bf72282cd26,6aa5e2a1421fd865aae66c6f,eigen-dynamics-1.0.0::6a25f8ef80608bf72282cd26::probabilistic::yw59i8de,eigen-dynamics-1.0.0,0,probabilistic,2026-09-12 23:44:45.055+00,152406,1115,75,6,21,#5A2330,14,circle|small|vertical|orange,"{9,8,2,14}",3,3,14,circle|small|vertical|orange,1,1,40,0,1,1,1,1,3,2,1,3,criterion
6a25f8ef80608bf72282cd26,6a25f8ef80608bf72282cd26,6aa5e2a1421fd865aae66c6f,eigen-dynamics-1.0.0::6a25f8ef80608bf72282cd26::probabilistic::yw59i8de,eigen-dynamics-1.0.0,0,probabilistic,2026-09-12 23:44:48.173+00,155524,2766,76,7,1,#2E4020,13,square|large|vertical|orange,"{13,7,10,2}",0,1,7,square|small|vertical|blue,0,0,40,2,1,0,1,0,2,1,2,2,
6a25f8ef80608bf72282cd26,6a25f8ef80608bf72282cd26,6aa5e2a1421fd865aae66c6f,eigen-dynamics-1.0.0::6a25f8ef80608bf72282cd26::probabilistic::yw59i8de,eigen-dynamics-1.0.0,0,probabilistic,2026-09-12 23:44:50.105+00,157457,1582,77,7,2,#2E4020,13,square|large|vertical|orange,"{1,12,2,13}",3,3,13,square|large|vertical|orange,1,1,41,0,1,1,1,1,2,3,2,2,
6a25f8ef80608bf72282cd26,6a25f8ef80608bf72282cd26,6aa5e2a1421fd865aae66c6f,eigen-dynamics-1.0.0::6a25f8ef80608bf72282cd26::probabilistic::yw59i8de,eigen-dynamics-1.0.0,0,probabilistic,2026-09-12 23:44:51.555+00,158907,1099,78,7,3,#2E4020,13,square|large|vertical|orange,"{9,7,13,11}",2,2,13,square|large|vertical|orange,1,1,42,0,1,1,1,1,4,2,2,3,
6a25f8ef80608bf72282cd26,6a25f8ef80608bf72282cd26,6aa5e2a1421fd865aae66c6f,eigen-dynamics-1.0.0::6a25f8ef80608bf72282cd26::probabilistic::yw59i8de,eigen-dynamics-1.0.0,0,probabilistic,2026-09-12 23:44:53.439+00,160790,1532,79,7,4,#2E4020,13,square|large|vertical|orange,"{10,12,13,11}",2,2,13,square|large|vertical|orange,1,1,43,0,1,1,1,1,2,2,2,4,
6a25f8ef80608bf72282cd26,6a25f8ef80608bf72282cd26,6aa5e2a1421fd865aae66c6f,eigen-dynamics-1.0.0::6a25f8ef80608bf72282cd26::probabilistic::yw59i8de,eigen-dynamics-1.0.0,0,probabilistic,2026-09-12 23:44:54.722+00,162074,931,80,7,5,#2E4020,13,square|large|vertical|orange,"{5,7,12,13}",3,3,13,square|large|vertical|orange,1,1,44,0,1,1,1,1,3,3,4,2,
6a25f8ef80608bf72282cd26,6a25f8ef80608bf72282cd26,6aa5e2a1421fd865aae66c6f,eigen-dynamics-1.0.0::6a25f8ef80608bf72282cd26::probabilistic::yw59i8de,eigen-dynamics-1.0.0,0,probabilistic,2026-09-12 23:44:56.487+00,163839,1414,81,7,6,#2E4020,13,square|large|vertical|orange,"{7,4,12,13}",3,3,13,square|large|vertical|orange,1,0,44,0,1,1,1,1,2,3,4,2,criterion
6a25f8ef80608bf72282cd26,6a25f8ef80608bf72282cd26,6aa5e2a1421fd865aae66c6f,eigen-dynamics-1.0.0::6a25f8ef80608bf72282cd26::probabilistic::yw59i8de,eigen-dynamics-1.0.0,0,probabilistic,2026-09-12 23:44:59.205+00,166557,2366,82,8,1,#1F3A5F,6,circle|small|vertical|blue,"{6,10,14,9}",0,0,6,circle|small|vertical|blue,1,1,45,0,1,1,1,1,3,3,2,1,
6a25f8ef80608bf72282cd26,6a25f8ef80608bf72282cd26,6aa5e2a1421fd865aae66c6f,eigen-dynamics-1.0.0::6a25f8ef80608bf72282cd26::probabilistic::yw59i8de,eigen-dynamics-1.0.0,0,probabilistic,2026-09-12 23:45:00.305+00,167657,749,83,8,2,#1F3A5F,6,circle|small|vertical|blue,"{1,6,14,5}",1,1,6,circle|small|vertical|blue,1,1,46,0,1,1,1,1,2,2,3,3,
6a25f8ef80608bf72282cd26,6a25f8ef80608bf72282cd26,6aa5e2a1421fd865aae66c6f,eigen-dynamics-1.0.0::6a25f8ef80608bf72282cd26::probabilistic::yw59i8de,eigen-dynamics-1.0.0,0,probabilistic,2026-09-12 23:45:01.456+00,168808,798,84,8,3,#1F3A5F,6,circle|small|vertical|blue,"{13,1,6,4}",2,2,6,circle|small|vertical|blue,1,1,47,0,1,1,1,1,2,1,3,3,
6a25f8ef80608bf72282cd26,6a25f8ef80608bf72282cd26,6aa5e2a1421fd865aae66c6f,eigen-dynamics-1.0.0::6a25f8ef80608bf72282cd26::probabilistic::yw59i8de,eigen-dynamics-1.0.0,0,probabilistic,2026-09-12 23:45:02.606+00,169958,798,85,8,4,#1F3A5F,6,circle|small|vertical|blue,"{9,6,1,2}",1,1,6,circle|small|vertical|blue,1,1,48,0,1,1,1,1,2,2,1,3,
6a25f8ef80608bf72282cd26,6a25f8ef80608bf72282cd26,6aa5e2a1421fd865aae66c6f,eigen-dynamics-1.0.0::6a25f8ef80608bf72282cd26::probabilistic::yw59i8de,eigen-dynamics-1.0.0,0,probabilistic,2026-09-12 23:45:06.505+00,173858,3547,86,8,5,#1F3A5F,6,circle|small|vertical|blue,"{13,6,2,11}",1,1,6,circle|small|vertical|blue,1,1,49,0,1,1,1,1,2,3,2,2,
6a25f8ef80608bf72282cd26,6a25f8ef80608bf72282cd26,6aa5e2a1421fd865aae66c6f,eigen-dynamics-1.0.0::6a25f8ef80608bf72282cd26::probabilistic::yw59i8de,eigen-dynamics-1.0.0,0,probabilistic,2026-09-12 23:45:07.788+00,175141,931,87,8,6,#1F3A5F,6,circle|small|vertical|blue,"{13,6,12,0}",1,1,6,circle|small|vertical|blue,1,0,49,0,1,1,1,1,3,1,3,2,criterion
6a25f8ef80608bf72282cd26,6a25f8ef80608bf72282cd26,6aa5e2a1421fd865aae66c6f,eigen-dynamics-1.0.0::6a25f8ef80608bf72282cd26::probabilistic::yw59i8de,eigen-dynamics-1.0.0,0,probabilistic,2026-09-12 23:45:09.472+00,176824,1331,88,9,1,#4A2C4D,3,square|small|horizontal|blue,"{13,5,15,3}",3,3,3,square|small|horizontal|blue,1,1,50,0,1,1,1,1,4,2,1,2,
6a25f8ef80608bf72282cd26,6a25f8ef80608bf72282cd26,6aa5e2a1421fd865aae66c6f,eigen-dynamics-1.0.0::6a25f8ef80608bf72282cd26::probabilistic::yw59i8de,eigen-dynamics-1.0.0,0,probabilistic,2026-09-12 23:45:11.072+00,178425,1249,89,9,2,#4A2C4D,3,square|small|horizontal|blue,"{1,14,0,3}",3,3,3,square|small|horizontal|blue,1,1,51,0,1,1,1,1,2,2,3,3,
6a25f8ef80608bf72282cd26,6a25f8ef80608bf72282cd26,6aa5e2a1421fd865aae66c6f,eigen-dynamics-1.0.0::6a25f8ef80608bf72282cd26::probabilistic::yw59i8de,eigen-dynamics-1.0.0,0,probabilistic,2026-09-12 23:45:12.272+00,179624,849,90,9,3,#4A2C4D,3,square|small|horizontal|blue,"{3,1,5,2}",0,0,3,square|small|horizontal|blue,1,1,52,0,1,1,1,1,3,2,3,4,
6a25f8ef80608bf72282cd26,6a25f8ef80608bf72282cd26,6aa5e2a1421fd865aae66c6f,eigen-dynamics-1.0.0::6a25f8ef80608bf72282cd26::probabilistic::yw59i8de,eigen-dynamics-1.0.0,0,probabilistic,2026-09-12 23:45:14.072+00,181425,1450,91,9,4,#4A2C4D,3,square|small|horizontal|blue,"{3,5,11,4}",0,0,3,square|small|horizontal|blue,1,1,53,0,1,1,1,1,3,2,2,3,
